split,scope,groups,post_hoc,interval_scope,source_in_sample,bootstrap_repeats,analysis_seed,seed,term,value,lower,upper,seed_sd
validation,condition:0,5,True,post-hoc descriptive; fixed predictors and source constants; no source-estimation uncertainty,True,2000,20260919,42,Delta_pipe,-0.04469554564207956,-0.22608863477475288,0.1912210314973003,
validation,condition:0,5,True,post-hoc descriptive; fixed predictors and source constants; no source-estimation uncertainty,True,2000,20260919,42,O_input,-0.06402225767070457,-0.28666860665065563,0.21882361175521592,
validation,condition:0,5,True,post-hoc descriptive; fixed predictors and source constants; no source-estimation uncertainty,True,2000,20260919,42,MLP16_input,-0.018842071404455818,-0.07485365418142981,0.032396625283470204,
validation,condition:0,5,True,post-hoc descriptive; fixed predictors and source constants; no source-estimation uncertainty,True,2000,20260919,42,mean_level,0.00048464062416919695,-0.03164280542441322,0.03303564767270639,
validation,condition:0,5,True,post-hoc descriptive; fixed predictors and source constants; no source-estimation uncertainty,True,2000,20260919,42,residual,0.0,0.0,0.0,
validation,condition:0,5,True,post-hoc descriptive; fixed predictors and source constants; no source-estimation uncertainty,True,2000,20260919,123,Delta_pipe,-0.04787217046611403,-0.18829888749055962,0.11464950993611533,
validation,condition:0,5,True,post-hoc descriptive; fixed predictors and source constants; no source-estimation uncertainty,True,2000,20260919,123,O_input,-0.06436645592282042,-0.2289212342079346,0.13766325082610886,
validation,condition:0,5,True,post-hoc descriptive; fixed predictors and source constants; no source-estimation uncertainty,True,2000,20260919,123,MLP16_input,-0.014589327982146072,-0.055448488270362264,0.029239169944341725,
validation,condition:0,5,True,post-hoc descriptive; fixed predictors and source constants; no source-estimation uncertainty,True,2000,20260919,123,mean_level,0.0019049574745603204,-0.02014380062119059,0.03441305185734267,
validation,condition:0,5,True,post-hoc descriptive; fixed predictors and source constants; no source-estimation uncertainty,True,2000,20260919,123,residual,0.0,0.0,0.0,
validation,condition:0,5,True,post-hoc descriptive; fixed predictors and source constants; no source-estimation uncertainty,True,2000,20260919,456,Delta_pipe,-0.05689027854820572,-0.2045848458197984,0.14271204066682386,
validation,condition:0,5,True,post-hoc descriptive; fixed predictors and source constants; no source-estimation uncertainty,True,2000,20260919,456,O_input,-0.07083807319597524,-0.24578147621776342,0.13920596700510401,
validation,condition:0,5,True,post-hoc descriptive; fixed predictors and source constants; no source-estimation uncertainty,True,2000,20260919,456,MLP16_input,-0.011869081858523645,-0.05249045589097476,0.031153622061924624,
validation,condition:0,5,True,post-hoc descriptive; fixed predictors and source constants; no source-estimation uncertainty,True,2000,20260919,456,mean_level,0.0020787127892458734,-0.05405911116994622,0.05821653674843774,
validation,condition:0,5,True,post-hoc descriptive; fixed predictors and source constants; no source-estimation uncertainty,True,2000,20260919,456,residual,0.0,0.0,0.0,
validation,condition:0,5,True,post-hoc descriptive; fixed predictors and source constants; no source-estimation uncertainty,True,2000,20260919,finite_mean_42_123_456,Delta_pipe,-0.049819331552133105,-0.20380280016865124,0.14704697989414353,0.006326251250473639
validation,condition:0,5,True,post-hoc descriptive; fixed predictors and source constants; no source-estimation uncertainty,True,2000,20260919,finite_mean_42_123_456,O_input,-0.06640892892983341,-0.25379043902545123,0.1687030975837949,0.0038396103066473644
validation,condition:0,5,True,post-hoc descriptive; fixed predictors and source constants; no source-estimation uncertainty,True,2000,20260919,finite_mean_42_123_456,MLP16_input,-0.015100160415041844,-0.06073667990947749,0.028572483051351183,0.0035144499047210084
validation,condition:0,5,True,post-hoc descriptive; fixed predictors and source constants; no source-estimation uncertainty,True,2000,20260919,finite_mean_42_123_456,mean_level,0.0014894369626584636,-0.03412215033885909,0.037101024264175976,0.0008745052822747536
validation,condition:0,5,True,post-hoc descriptive; fixed predictors and source constants; no source-estimation uncertainty,True,2000,20260919,finite_mean_42_123_456,residual,0.0,0.0,0.0,0.0
validation,condition:2,5,True,post-hoc descriptive; fixed predictors and source constants; no source-estimation uncertainty,True,2000,20260919,42,Delta_pipe,-0.040899092124866976,-0.21681973667704396,0.18081933196809896,
validation,condition:2,5,True,post-hoc descriptive; fixed predictors and source constants; no source-estimation uncertainty,True,2000,20260919,42,O_input,-0.058176007737539503,-0.28242977318492185,0.2142353847949945,
validation,condition:2,5,True,post-hoc descriptive; fixed predictors and source constants; no source-estimation uncertainty,True,2000,20260919,42,MLP16_input,-0.01679227498850333,-0.07269405843489996,0.03658262955411118,
validation,condition:2,5,True,post-hoc descriptive; fixed predictors and source constants; no source-estimation uncertainty,True,2000,20260919,42,mean_level,0.00048464062416919695,-0.03164280542441322,0.03303564767270639,
validation,condition:2,5,True,post-hoc descriptive; fixed predictors and source constants; no source-estimation uncertainty,True,2000,20260919,42,residual,0.0,0.0,0.0,
validation,condition:2,5,True,post-hoc descriptive; fixed predictors and source constants; no source-estimation uncertainty,True,2000,20260919,123,Delta_pipe,-0.048161481898756575,-0.18301074342682278,0.10338695717444502,
validation,condition:2,5,True,post-hoc descriptive; fixed predictors and source constants; no source-estimation uncertainty,True,2000,20260919,123,O_input,-0.0638784710932293,-0.2257377986080233,0.13096114073590814,
validation,condition:2,5,True,post-hoc descriptive; fixed predictors and source constants; no source-estimation uncertainty,True,2000,20260919,123,MLP16_input,-0.01381203171991241,-0.056024800090373805,0.03241255888293404,
validation,condition:2,5,True,post-hoc descriptive; fixed predictors and source constants; no source-estimation uncertainty,True,2000,20260919,123,mean_level,0.0019049574745603204,-0.02014380062119059,0.03441305185734267,
validation,condition:2,5,True,post-hoc descriptive; fixed predictors and source constants; no source-estimation uncertainty,True,2000,20260919,123,residual,0.0,0.0,0.0,
validation,condition:2,5,True,post-hoc descriptive; fixed predictors and source constants; no source-estimation uncertainty,True,2000,20260919,456,Delta_pipe,-0.05670465585866402,-0.20120529266498333,0.13355856980048386,
validation,condition:2,5,True,post-hoc descriptive; fixed predictors and source constants; no source-estimation uncertainty,True,2000,20260919,456,O_input,-0.07015358048347309,-0.24117866177536407,0.13536966159733832,
validation,condition:2,5,True,post-hoc descriptive; fixed predictors and source constants; no source-estimation uncertainty,True,2000,20260919,456,MLP16_input,-0.011370211835563193,-0.0525410845447182,0.03383515557308858,
validation,condition:2,5,True,post-hoc descriptive; fixed predictors and source constants; no source-estimation uncertainty,True,2000,20260919,456,mean_level,0.0020787127892458734,-0.05405911116994622,0.05821653674843774,
validation,condition:2,5,True,post-hoc descriptive; fixed predictors and source constants; no source-estimation uncertainty,True,2000,20260919,456,residual,0.0,0.0,0.0,
validation,condition:2,5,True,post-hoc descriptive; fixed predictors and source constants; no source-estimation uncertainty,True,2000,20260919,finite_mean_42_123_456,Delta_pipe,-0.048588409960762524,-0.19854428614148056,0.1389256800506167,0.007911426035385544
validation,condition:2,5,True,post-hoc descriptive; fixed predictors and source constants; no source-estimation uncertainty,True,2000,20260919,finite_mean_42_123_456,O_input,-0.0640693531047473,-0.24978207785610307,0.16430755859340462,0.0059910674489421015
validation,condition:2,5,True,post-hoc descriptive; fixed predictors and source constants; no source-estimation uncertainty,True,2000,20260919,finite_mean_42_123_456,MLP16_input,-0.01399150618132631,-0.05975884400955797,0.03177645587649203,0.0027154834781936425
validation,condition:2,5,True,post-hoc descriptive; fixed predictors and source constants; no source-estimation uncertainty,True,2000,20260919,finite_mean_42_123_456,mean_level,0.0014894369626584636,-0.03412215033885909,0.037101024264175976,0.0008745052822747536
validation,condition:2,5,True,post-hoc descriptive; fixed predictors and source constants; no source-estimation uncertainty,True,2000,20260919,finite_mean_42_123_456,residual,0.0,0.0,0.0,0.0
validation,condition:3,5,True,post-hoc descriptive; fixed predictors and source constants; no source-estimation uncertainty,True,2000,20260919,42,Delta_pipe,-0.059900137728958636,-0.22262493733251643,0.1572340438493336,
validation,condition:3,5,True,post-hoc descriptive; fixed predictors and source constants; no source-estimation uncertainty,True,2000,20260919,42,O_input,-0.07394554188665248,-0.26024133973291647,0.1881396479869456,
validation,condition:3,5,True,post-hoc descriptive; fixed predictors and source constants; no source-estimation uncertainty,True,2000,20260919,42,MLP16_input,-0.013560763533524645,-0.06699621790777749,0.04342125285191611,
validation,condition:3,5,True,post-hoc descriptive; fixed predictors and source constants; no source-estimation uncertainty,True,2000,20260919,42,mean_level,0.00048464062416919695,-0.03164280542441322,0.03303564767270639,
validation,condition:3,5,True,post-hoc descriptive; fixed predictors and source constants; no source-estimation uncertainty,True,2000,20260919,42,residual,0.0,0.0,0.0,
validation,condition:3,5,True,post-hoc descriptive; fixed predictors and source constants; no source-estimation uncertainty,True,2000,20260919,123,Delta_pipe,-0.0549609228142699,-0.17656555768319518,0.0883684937831426,
validation,condition:3,5,True,post-hoc descriptive; fixed predictors and source constants; no source-estimation uncertainty,True,2000,20260919,123,O_input,-0.06628237516401969,-0.20583465789274863,0.12366373247696671,
validation,condition:3,5,True,post-hoc descriptive; fixed predictors and source constants; no source-estimation uncertainty,True,2000,20260919,123,MLP16_input,-0.009416494875189474,-0.054781075431350246,0.040603157231736256,
validation,condition:3,5,True,post-hoc descriptive; fixed predictors and source constants; no source-estimation uncertainty,True,2000,20260919,123,mean_level,0.0019049574745603204,-0.02014380062119059,0.03441305185734267,
validation,condition:3,5,True,post-hoc descriptive; fixed predictors and source constants; no source-estimation uncertainty,True,2000,20260919,123,residual,0.0,0.0,0.0,
validation,condition:3,5,True,post-hoc descriptive; fixed predictors and source constants; no source-estimation uncertainty,True,2000,20260919,456,Delta_pipe,-0.05967545997828261,-0.20626646727356912,0.12991492589271214,
validation,condition:3,5,True,post-hoc descriptive; fixed predictors and source constants; no source-estimation uncertainty,True,2000,20260919,456,O_input,-0.06779582788905492,-0.21807176798227346,0.12112584852018582,
validation,condition:3,5,True,post-hoc descriptive; fixed predictors and source constants; no source-estimation uncertainty,True,2000,20260919,456,MLP16_input,-0.006041655121526435,-0.05099674906494189,0.04284832708817899,
validation,condition:3,5,True,post-hoc descriptive; fixed predictors and source constants; no source-estimation uncertainty,True,2000,20260919,456,mean_level,0.0020787127892458734,-0.05405911116994622,0.05821653674843774,
validation,condition:3,5,True,post-hoc descriptive; fixed predictors and source constants; no source-estimation uncertainty,True,2000,20260919,456,residual,0.0,0.0,0.0,
validation,condition:3,5,True,post-hoc descriptive; fixed predictors and source constants; no source-estimation uncertainty,True,2000,20260919,finite_mean_42_123_456,Delta_pipe,-0.058178840173837044,-0.20120783285063104,0.12517248784172944,0.0027890615128865343
validation,condition:3,5,True,post-hoc descriptive; fixed predictors and source constants; no source-estimation uncertainty,True,2000,20260919,finite_mean_42_123_456,O_input,-0.06934124831324236,-0.22740736900419956,0.14046065986555056,0.00405860496603678
validation,condition:3,5,True,post-hoc descriptive; fixed predictors and source constants; no source-estimation uncertainty,True,2000,20260919,finite_mean_42_123_456,MLP16_input,-0.00967297117674685,-0.05486074042675938,0.04095186746148218,0.0037661097830242515
validation,condition:3,5,True,post-hoc descriptive; fixed predictors and source constants; no source-estimation uncertainty,True,2000,20260919,finite_mean_42_123_456,mean_level,0.0014894369626584636,-0.03412215033885909,0.037101024264175976,0.0008745052822747536
validation,condition:3,5,True,post-hoc descriptive; fixed predictors and source constants; no source-estimation uncertainty,True,2000,20260919,finite_mean_42_123_456,residual,0.0,0.0,0.0,0.0
validation,source_selection,5,True,post-hoc descriptive; fixed predictors and source constants; no source-estimation uncertainty,True,2000,20260919,42,Delta_pipe,-0.048498258498635094,-0.22184443626143774,0.1740687027362796,
validation,source_selection,5,True,post-hoc descriptive; fixed predictors and source constants; no source-estimation uncertainty,True,2000,20260919,42,O_input,-0.06538126909829889,-0.2712805811682634,0.20706621484571863,
validation,source_selection,5,True,post-hoc descriptive; fixed predictors and source constants; no source-estimation uncertainty,True,2000,20260919,42,MLP16_input,-0.016398369975494598,-0.07151464350803577,0.0374466181840829,
validation,source_selection,5,True,post-hoc descriptive; fixed predictors and source constants; no source-estimation uncertainty,True,2000,20260919,42,mean_level,0.00048464062416919695,-0.03164280542441322,0.0330356476727065,
validation,source_selection,5,True,post-hoc descriptive; fixed predictors and source constants; no source-estimation uncertainty,True,2000,20260919,42,residual,0.0,0.0,0.0,
validation,source_selection,5,True,post-hoc descriptive; fixed predictors and source constants; no source-estimation uncertainty,True,2000,20260919,123,Delta_pipe,-0.05033152505971361,-0.17349270778437015,0.09555148761922727,
validation,source_selection,5,True,post-hoc descriptive; fixed predictors and source constants; no source-estimation uncertainty,True,2000,20260919,123,O_input,-0.06484243406002321,-0.21687859329974685,0.12530019035007967,
validation,source_selection,5,True,post-hoc descriptive; fixed predictors and source constants; no source-estimation uncertainty,True,2000,20260919,123,MLP16_input,-0.012605951525749282,-0.05540371399057742,0.034470817645769314,
validation,source_selection,5,True,post-hoc descriptive; fixed predictors and source constants; no source-estimation uncertainty,True,2000,20260919,123,mean_level,0.0019049574745603204,-0.02014380062119059,0.03441305185734289,
validation,source_selection,5,True,post-hoc descriptive; fixed predictors and source constants; no source-estimation uncertainty,True,2000,20260919,123,residual,0.0,0.0,0.0,
validation,source_selection,5,True,post-hoc descriptive; fixed predictors and source constants; no source-estimation uncertainty,True,2000,20260919,456,Delta_pipe,-0.05775679812838408,-0.2009073968091109,0.1353951787866733,
validation,source_selection,5,True,post-hoc descriptive; fixed predictors and source constants; no source-estimation uncertainty,True,2000,20260919,456,O_input,-0.06959582718950108,-0.2316609417591005,0.13028886074252166,
validation,source_selection,5,True,post-hoc descriptive; fixed predictors and source constants; no source-estimation uncertainty,True,2000,20260919,456,MLP16_input,-0.009760316271871128,-0.0516300762754221,0.035985256342191185,
validation,source_selection,5,True,post-hoc descriptive; fixed predictors and source constants; no source-estimation uncertainty,True,2000,20260919,456,mean_level,0.0020787127892458734,-0.05405911116994622,0.05821653674843774,
validation,source_selection,5,True,post-hoc descriptive; fixed predictors and source constants; no source-estimation uncertainty,True,2000,20260919,456,residual,0.0,0.0,0.0,
validation,source_selection,5,True,post-hoc descriptive; fixed predictors and source constants; no source-estimation uncertainty,True,2000,20260919,finite_mean_42_123_456,Delta_pipe,-0.05219552722891093,-0.19720581951944557,0.13226472450298374,0.004902654085695558
validation,source_selection,5,True,post-hoc descriptive; fixed predictors and source constants; no source-estimation uncertainty,True,2000,20260919,finite_mean_42_123_456,O_input,-0.06660651011594106,-0.23495166147742763,0.1578237720142501,0.002602805836847318
validation,source_selection,5,True,post-hoc descriptive; fixed predictors and source constants; no source-estimation uncertainty,True,2000,20260919,finite_mean_42_123_456,MLP16_input,-0.012921545924371669,-0.058183920105721924,0.03373570127937279,0.00333026111759704
validation,source_selection,5,True,post-hoc descriptive; fixed predictors and source constants; no source-estimation uncertainty,True,2000,20260919,finite_mean_42_123_456,mean_level,0.0014894369626584636,-0.03412215033885909,0.03710102426417591,0.0008745052822747536
validation,source_selection,5,True,post-hoc descriptive; fixed predictors and source constants; no source-estimation uncertainty,True,2000,20260919,finite_mean_42_123_456,residual,0.0,0.0,0.0,0.0
test,condition:0,7,True,post-hoc descriptive; fixed predictors and source constants; no source-estimation uncertainty,False,2000,20260919,42,Delta_pipe,0.07355218096439409,0.021620848931314326,0.14348578300716314,
test,condition:0,7,True,post-hoc descriptive; fixed predictors and source constants; no source-estimation uncertainty,False,2000,20260919,42,O_input,0.09218043749826232,0.024024909930148528,0.18059267956620395,
test,condition:0,7,True,post-hoc descriptive; fixed predictors and source constants; no source-estimation uncertainty,False,2000,20260919,42,MLP16_input,0.01446275329396074,-0.007888905996886963,0.038512546922902735,
test,condition:0,7,True,post-hoc descriptive; fixed predictors and source constants; no source-estimation uncertainty,False,2000,20260919,42,mean_level,-0.004165503239907498,-0.02711367898889494,0.02633121656827686,
test,condition:0,7,True,post-hoc descriptive; fixed predictors and source constants; no source-estimation uncertainty,False,2000,20260919,42,residual,0.0,0.0,0.0,
test,condition:0,7,True,post-hoc descriptive; fixed predictors and source constants; no source-estimation uncertainty,False,2000,20260919,123,Delta_pipe,0.04589448682494124,0.0035067037296863113,0.08881035479711563,
test,condition:0,7,True,post-hoc descriptive; fixed predictors and source constants; no source-estimation uncertainty,False,2000,20260919,123,O_input,0.062474827447743464,0.00347356319935786,0.12239917793614749,
test,condition:0,7,True,post-hoc descriptive; fixed predictors and source constants; no source-estimation uncertainty,False,2000,20260919,123,MLP16_input,0.01384128461410794,-0.007524355474453737,0.03746962779760954,
test,condition:0,7,True,post-hoc descriptive; fixed predictors and source constants; no source-estimation uncertainty,False,2000,20260919,123,mean_level,-0.002739056008694285,-0.018488168934230664,0.020481011407578964,
test,condition:0,7,True,post-hoc descriptive; fixed predictors and source constants; no source-estimation uncertainty,False,2000,20260919,123,residual,0.0,0.0,0.0,
test,condition:0,7,True,post-hoc descriptive; fixed predictors and source constants; no source-estimation uncertainty,False,2000,20260919,456,Delta_pipe,0.04318329353478001,-0.02364765330804725,0.12575046191310857,
test,condition:0,7,True,post-hoc descriptive; fixed predictors and source constants; no source-estimation uncertainty,False,2000,20260919,456,O_input,0.05968024522936899,-2.9270958892491095e-05,0.12493626710485355,
test,condition:0,7,True,post-hoc descriptive; fixed predictors and source constants; no source-estimation uncertainty,False,2000,20260919,456,MLP16_input,0.015559895972170446,-0.005685596434628626,0.03847055547198712,
test,condition:0,7,True,post-hoc descriptive; fixed predictors and source constants; no source-estimation uncertainty,False,2000,20260919,456,mean_level,-0.0009370557224185339,-0.058599534108000895,0.041646580104842124,
test,condition:0,7,True,post-hoc descriptive; fixed predictors and source constants; no source-estimation uncertainty,False,2000,20260919,456,residual,0.0,0.0,0.0,
test,condition:0,7,True,post-hoc descriptive; fixed predictors and source constants; no source-estimation uncertainty,False,2000,20260919,finite_mean_42_123_456,Delta_pipe,0.05420998710803845,0.0046853664452666775,0.11714957489008924,0.016805593998629898
test,condition:0,7,True,post-hoc descriptive; fixed predictors and source constants; no source-estimation uncertainty,False,2000,20260919,finite_mean_42_123_456,O_input,0.07144517005845825,0.010585383271995387,0.14277639030945688,0.018011549330747834
test,condition:0,7,True,post-hoc descriptive; fixed predictors and source constants; no source-estimation uncertainty,False,2000,20260919,finite_mean_42_123_456,MLP16_input,0.014621311293413042,-0.006044049152326242,0.037512518202646415,0.0008702078656321714
test,condition:0,7,True,post-hoc descriptive; fixed predictors and source constants; no source-estimation uncertainty,False,2000,20260919,finite_mean_42_123_456,mean_level,-0.002613871657006772,-0.03297102470370561,0.027743281389692176,0.0016178602179192521
test,condition:0,7,True,post-hoc descriptive; fixed predictors and source constants; no source-estimation uncertainty,False,2000,20260919,finite_mean_42_123_456,residual,0.0,0.0,0.0,0.0
test,condition:1,7,True,post-hoc descriptive; fixed predictors and source constants; no source-estimation uncertainty,False,2000,20260919,42,Delta_pipe,0.20490282634087997,0.075145272661997,0.3426418627992541,
test,condition:1,7,True,post-hoc descriptive; fixed predictors and source constants; no source-estimation uncertainty,False,2000,20260919,42,O_input,0.24673259370247858,0.07435021795610686,0.4226031120474639,
test,condition:1,7,True,post-hoc descriptive; fixed predictors and source constants; no source-estimation uncertainty,False,2000,20260919,42,MLP16_input,0.037664264121691104,-0.0019484078271098935,0.08290806750644675,
test,condition:1,7,True,post-hoc descriptive; fixed predictors and source constants; no source-estimation uncertainty,False,2000,20260919,42,mean_level,-0.004165503239907498,-0.02711367898889494,0.02633121656827686,
test,condition:1,7,True,post-hoc descriptive; fixed predictors and source constants; no source-estimation uncertainty,False,2000,20260919,42,residual,0.0,0.0,0.0,
test,condition:1,7,True,post-hoc descriptive; fixed predictors and source constants; no source-estimation uncertainty,False,2000,20260919,123,Delta_pipe,0.1391979415071769,0.04857414032538243,0.23037499398445851,
test,condition:1,7,True,post-hoc descriptive; fixed predictors and source constants; no source-estimation uncertainty,False,2000,20260919,123,O_input,0.1877094656609396,0.05069974650986242,0.31612686743959395,
test,condition:1,7,True,post-hoc descriptive; fixed predictors and source constants; no source-estimation uncertainty,False,2000,20260919,123,MLP16_input,0.04577246814506841,0.006888293333482398,0.08095082987398154,
test,condition:1,7,True,post-hoc descriptive; fixed predictors and source constants; no source-estimation uncertainty,False,2000,20260919,123,mean_level,-0.002739056008694285,-0.018488168934230664,0.020481011407578964,
test,condition:1,7,True,post-hoc descriptive; fixed predictors and source constants; no source-estimation uncertainty,False,2000,20260919,123,residual,0.0,0.0,0.0,
test,condition:1,7,True,post-hoc descriptive; fixed predictors and source constants; no source-estimation uncertainty,False,2000,20260919,456,Delta_pipe,0.1248599903005122,0.02391372405482042,0.23179388893225472,
test,condition:1,7,True,post-hoc descriptive; fixed predictors and source constants; no source-estimation uncertainty,False,2000,20260919,456,O_input,0.1760478544061428,0.0501830737033105,0.2932323435333801,
test,condition:1,7,True,post-hoc descriptive; fixed predictors and source constants; no source-estimation uncertainty,False,2000,20260919,456,MLP16_input,0.05025080838321205,0.011104688675844377,0.08761828495652127,
test,condition:1,7,True,post-hoc descriptive; fixed predictors and source constants; no source-estimation uncertainty,False,2000,20260919,456,mean_level,-0.0009370557224185339,-0.058599534108000895,0.041646580104842124,
test,condition:1,7,True,post-hoc descriptive; fixed predictors and source constants; no source-estimation uncertainty,False,2000,20260919,456,residual,0.0,0.0,0.0,
test,condition:1,7,True,post-hoc descriptive; fixed predictors and source constants; no source-estimation uncertainty,False,2000,20260919,finite_mean_42_123_456,Delta_pipe,0.15632025271618968,0.05143529369966926,0.2660171205812369,0.04268013655320251
test,condition:1,7,True,post-hoc descriptive; fixed predictors and source constants; no source-estimation uncertainty,False,2000,20260919,finite_mean_42_123_456,O_input,0.20349663792318698,0.05784337295577769,0.3434552260314645,0.037894712010729734
test,condition:1,7,True,post-hoc descriptive; fixed predictors and source constants; no source-estimation uncertainty,False,2000,20260919,finite_mean_42_123_456,MLP16_input,0.04456251354999052,0.00614253302321416,0.08360387459815154,0.006379911183035314
test,condition:1,7,True,post-hoc descriptive; fixed predictors and source constants; no source-estimation uncertainty,False,2000,20260919,finite_mean_42_123_456,mean_level,-0.002613871657006772,-0.03297102470370561,0.027743281389692176,0.0016178602179192521
test,condition:1,7,True,post-hoc descriptive; fixed predictors and source constants; no source-estimation uncertainty,False,2000,20260919,finite_mean_42_123_456,residual,0.0,0.0,0.0,0.0
test,condition:2,7,True,post-hoc descriptive; fixed predictors and source constants; no source-estimation uncertainty,False,2000,20260919,42,Delta_pipe,0.06622598987369555,0.006659258584486658,0.14416644096014686,
test,condition:2,7,True,post-hoc descriptive; fixed predictors and source constants; no source-estimation uncertainty,False,2000,20260919,42,O_input,0.08424201217087246,0.02481129740401421,0.17270139713515797,
test,condition:2,7,True,post-hoc descriptive; fixed predictors and source constants; no source-estimation uncertainty,False,2000,20260919,42,MLP16_input,0.013850519057269417,-0.0076298498200221415,0.036844650050647604,
test,condition:2,7,True,post-hoc descriptive; fixed predictors and source constants; no source-estimation uncertainty,False,2000,20260919,42,mean_level,-0.004165503239907498,-0.02711367898889494,0.02633121656827686,
test,condition:2,7,True,post-hoc descriptive; fixed predictors and source constants; no source-estimation uncertainty,False,2000,20260919,42,residual,0.0,0.0,0.0,
test,condition:2,7,True,post-hoc descriptive; fixed predictors and source constants; no source-estimation uncertainty,False,2000,20260919,123,Delta_pipe,0.04245834958188732,-0.006062568007438191,0.09282181195246278,
test,condition:2,7,True,post-hoc descriptive; fixed predictors and source constants; no source-estimation uncertainty,False,2000,20260919,123,O_input,0.059022371855245837,0.004917269098432953,0.12127022321285798,
test,condition:2,7,True,post-hoc descriptive; fixed predictors and source constants; no source-estimation uncertainty,False,2000,20260919,123,MLP16_input,0.013824966264664229,-0.007097528551669785,0.03621342030455749,
test,condition:2,7,True,post-hoc descriptive; fixed predictors and source constants; no source-estimation uncertainty,False,2000,20260919,123,mean_level,-0.002739056008694285,-0.018488168934230664,0.020481011407578964,
test,condition:2,7,True,post-hoc descriptive; fixed predictors and source constants; no source-estimation uncertainty,False,2000,20260919,123,residual,0.0,0.0,0.0,
test,condition:2,7,True,post-hoc descriptive; fixed predictors and source constants; no source-estimation uncertainty,False,2000,20260919,456,Delta_pipe,0.03891865170260789,-0.032070733934562126,0.12894554437901304,
test,condition:2,7,True,post-hoc descriptive; fixed predictors and source constants; no source-estimation uncertainty,False,2000,20260919,456,O_input,0.05558433359716064,-0.000998657633201283,0.12227523870556849,
test,condition:2,7,True,post-hoc descriptive; fixed predictors and source constants; no source-estimation uncertainty,False,2000,20260919,456,MLP16_input,0.01572862617213422,-0.00530398645814778,0.03797505864711001,
test,condition:2,7,True,post-hoc descriptive; fixed predictors and source constants; no source-estimation uncertainty,False,2000,20260919,456,mean_level,-0.0009370557224185339,-0.058599534108000895,0.041646580104842124,
test,condition:2,7,True,post-hoc descriptive; fixed predictors and source constants; no source-estimation uncertainty,False,2000,20260919,456,residual,0.0,0.0,0.0,
test,condition:2,7,True,post-hoc descriptive; fixed predictors and source constants; no source-estimation uncertainty,False,2000,20260919,finite_mean_42_123_456,Delta_pipe,0.049200997052730254,-0.006876448284450953,0.1198438746566391,0.014849920898260155
test,condition:2,7,True,post-hoc descriptive; fixed predictors and source constants; no source-estimation uncertainty,False,2000,20260919,finite_mean_42_123_456,O_input,0.06628290587442631,0.011098789363162775,0.13658884595381718,0.015647752266421625
test,condition:2,7,True,post-hoc descriptive; fixed predictors and source constants; no source-estimation uncertainty,False,2000,20260919,finite_mean_42_123_456,MLP16_input,0.014468037164689288,-0.0065601835090068,0.03716658820008473,0.0010917768639107203
test,condition:2,7,True,post-hoc descriptive; fixed predictors and source constants; no source-estimation uncertainty,False,2000,20260919,finite_mean_42_123_456,mean_level,-0.002613871657006772,-0.03297102470370561,0.027743281389692176,0.0016178602179192521
test,condition:2,7,True,post-hoc descriptive; fixed predictors and source constants; no source-estimation uncertainty,False,2000,20260919,finite_mean_42_123_456,residual,0.0,0.0,0.0,0.0
test,condition:3,7,True,post-hoc descriptive; fixed predictors and source constants; no source-estimation uncertainty,False,2000,20260919,42,Delta_pipe,0.07587454463808196,-0.0063231825120213525,0.17792847124661415,
test,condition:3,7,True,post-hoc descriptive; fixed predictors and source constants; no source-estimation uncertainty,False,2000,20260919,42,O_input,0.09825223712137099,0.007811415482551265,0.21302833745358027,
test,condition:3,7,True,post-hoc descriptive; fixed predictors and source constants; no source-estimation uncertainty,False,2000,20260919,42,MLP16_input,0.018212189243381527,-0.006724389782650775,0.045025329619200506,
test,condition:3,7,True,post-hoc descriptive; fixed predictors and source constants; no source-estimation uncertainty,False,2000,20260919,42,mean_level,-0.004165503239907498,-0.02711367898889494,0.02633121656827686,
test,condition:3,7,True,post-hoc descriptive; fixed predictors and source constants; no source-estimation uncertainty,False,2000,20260919,42,residual,0.0,0.0,0.0,
test,condition:3,7,True,post-hoc descriptive; fixed predictors and source constants; no source-estimation uncertainty,False,2000,20260919,123,Delta_pipe,0.046424872373034276,-0.018707807097833817,0.11976979805159985,
test,condition:3,7,True,post-hoc descriptive; fixed predictors and source constants; no source-estimation uncertainty,False,2000,20260919,123,O_input,0.067463752086527,-0.009623311306853951,0.15570846972323313,
test,condition:3,7,True,post-hoc descriptive; fixed predictors and source constants; no source-estimation uncertainty,False,2000,20260919,123,MLP16_input,0.018299823704798435,-0.005218198342711644,0.044512766201183135,
test,condition:3,7,True,post-hoc descriptive; fixed predictors and source constants; no source-estimation uncertainty,False,2000,20260919,123,mean_level,-0.002739056008694285,-0.018488168934230664,0.020481011407578964,
test,condition:3,7,True,post-hoc descriptive; fixed predictors and source constants; no source-estimation uncertainty,False,2000,20260919,123,residual,0.0,0.0,0.0,
test,condition:3,7,True,post-hoc descriptive; fixed predictors and source constants; no source-estimation uncertainty,False,2000,20260919,456,Delta_pipe,0.04507391216520773,-0.04275378483256187,0.14852369213510694,
test,condition:3,7,True,post-hoc descriptive; fixed predictors and source constants; no source-estimation uncertainty,False,2000,20260919,456,O_input,0.06648347174278291,-0.010568702932507446,0.1513043280888502,
test,condition:3,7,True,post-hoc descriptive; fixed predictors and source constants; no source-estimation uncertainty,False,2000,20260919,456,MLP16_input,0.020472503855156643,-0.003063742068776315,0.04612233952917764,
test,condition:3,7,True,post-hoc descriptive; fixed predictors and source constants; no source-estimation uncertainty,False,2000,20260919,456,mean_level,-0.0009370557224185339,-0.058599534108000895,0.041646580104842124,
test,condition:3,7,True,post-hoc descriptive; fixed predictors and source constants; no source-estimation uncertainty,False,2000,20260919,456,residual,0.0,0.0,0.0,
test,condition:3,7,True,post-hoc descriptive; fixed predictors and source constants; no source-estimation uncertainty,False,2000,20260919,finite_mean_42_123_456,Delta_pipe,0.055791109725441324,-0.02105032227998575,0.1474979475745997,0.017405876645216336
test,condition:3,7,True,post-hoc descriptive; fixed predictors and source constants; no source-estimation uncertainty,False,2000,20260919,finite_mean_42_123_456,O_input,0.07739982031689363,-0.003262706961843044,0.17256340088733121,0.01806537301936553
test,condition:3,7,True,post-hoc descriptive; fixed predictors and source constants; no source-estimation uncertainty,False,2000,20260919,finite_mean_42_123_456,MLP16_input,0.018994838934445535,-0.004425714790430339,0.04451066897375589,0.001280445298766051
test,condition:3,7,True,post-hoc descriptive; fixed predictors and source constants; no source-estimation uncertainty,False,2000,20260919,finite_mean_42_123_456,mean_level,-0.002613871657006772,-0.03297102470370561,0.027743281389692176,0.0016178602179192521
test,condition:3,7,True,post-hoc descriptive; fixed predictors and source constants; no source-estimation uncertainty,False,2000,20260919,finite_mean_42_123_456,residual,0.0,0.0,0.0,0.0
test,held_out_source,7,True,post-hoc descriptive; fixed predictors and source constants; no source-estimation uncertainty,False,2000,20260919,42,Delta_pipe,0.07188423849205716,0.01021427463735014,0.15333684173891468,
test,held_out_source,7,True,post-hoc descriptive; fixed predictors and source constants; no source-estimation uncertainty,False,2000,20260919,42,O_input,0.09155822893016852,0.021522081143566935,0.1858757876519384,
test,held_out_source,7,True,post-hoc descriptive; fixed predictors and source constants; no source-estimation uncertainty,False,2000,20260919,42,MLP16_input,0.015508487198203857,-0.006808838914535914,0.03972225140607022,
test,held_out_source,7,True,post-hoc descriptive; fixed predictors and source constants; no source-estimation uncertainty,False,2000,20260919,42,mean_level,-0.004165503239907498,-0.02711367898889494,0.02633121656827686,
test,held_out_source,7,True,post-hoc descriptive; fixed predictors and source constants; no source-estimation uncertainty,False,2000,20260919,42,residual,0.0,0.0,0.0,
test,held_out_source,7,True,post-hoc descriptive; fixed predictors and source constants; no source-estimation uncertainty,False,2000,20260919,123,Delta_pipe,0.04492590292662091,-0.0046563353989470535,0.09982796401163455,
test,held_out_source,7,True,post-hoc descriptive; fixed predictors and source constants; no source-estimation uncertainty,False,2000,20260919,123,O_input,0.06298698379650547,0.0011378626677400814,0.13288853252996535,
test,held_out_source,7,True,post-hoc descriptive; fixed predictors and source constants; no source-estimation uncertainty,False,2000,20260919,123,MLP16_input,0.015322024861190275,-0.006320650804846306,0.03927061679646526,
test,held_out_source,7,True,post-hoc descriptive; fixed predictors and source constants; no source-estimation uncertainty,False,2000,20260919,123,mean_level,-0.002739056008694285,-0.018488168934230664,0.020481011407578964,
test,held_out_source,7,True,post-hoc descriptive; fixed predictors and source constants; no source-estimation uncertainty,False,2000,20260919,123,residual,0.0,0.0,0.0,
test,held_out_source,7,True,post-hoc descriptive; fixed predictors and source constants; no source-estimation uncertainty,False,2000,20260919,456,Delta_pipe,0.0423919524675318,-0.032482495444200746,0.13380638144091883,
test,held_out_source,7,True,post-hoc descriptive; fixed predictors and source constants; no source-estimation uncertainty,False,2000,20260919,456,O_input,0.06058268352310414,-0.0030305016055166803,0.13240989279792795,
test,held_out_source,7,True,post-hoc descriptive; fixed predictors and source constants; no source-estimation uncertainty,False,2000,20260919,456,MLP16_input,0.017253675333153806,-0.004631947314225576,0.04060848950985926,
test,held_out_source,7,True,post-hoc descriptive; fixed predictors and source constants; no source-estimation uncertainty,False,2000,20260919,456,mean_level,-0.0009370557224185339,-0.058599534108000895,0.041646580104842124,
test,held_out_source,7,True,post-hoc descriptive; fixed predictors and source constants; no source-estimation uncertainty,False,2000,20260919,456,residual,0.0,0.0,0.0,
test,held_out_source,7,True,post-hoc descriptive; fixed predictors and source constants; no source-estimation uncertainty,False,2000,20260919,finite_mean_42_123_456,Delta_pipe,0.053067364628736624,-0.005139257190879043,0.12767636239611058,0.016345069064502792
test,held_out_source,7,True,post-hoc descriptive; fixed predictors and source constants; no source-estimation uncertainty,False,2000,20260919,finite_mean_42_123_456,O_input,0.07170929874992604,0.007060882949620188,0.15011608754705524,0.017231662337867316
test,held_out_source,7,True,post-hoc descriptive; fixed predictors and source constants; no source-estimation uncertainty,False,2000,20260919,finite_mean_42_123_456,MLP16_input,0.016028062464182646,-0.005086194288211491,0.03952554690792196,0.001065498582458902
test,held_out_source,7,True,post-hoc descriptive; fixed predictors and source constants; no source-estimation uncertainty,False,2000,20260919,finite_mean_42_123_456,mean_level,-0.002613871657006772,-0.03297102470370561,0.027743281389692176,0.0016178602179192521
test,held_out_source,7,True,post-hoc descriptive; fixed predictors and source constants; no source-estimation uncertainty,False,2000,20260919,finite_mean_42_123_456,residual,0.0,0.0,0.0,0.0
test,unseen,7,True,post-hoc descriptive; fixed predictors and source constants; no source-estimation uncertainty,False,2000,20260919,42,Delta_pipe,0.20490282634087997,0.075145272661997,0.3426418627992541,
test,unseen,7,True,post-hoc descriptive; fixed predictors and source constants; no source-estimation uncertainty,False,2000,20260919,42,O_input,0.24673259370247858,0.07435021795610686,0.4226031120474639,
test,unseen,7,True,post-hoc descriptive; fixed predictors and source constants; no source-estimation uncertainty,False,2000,20260919,42,MLP16_input,0.037664264121691104,-0.0019484078271098935,0.08290806750644675,
test,unseen,7,True,post-hoc descriptive; fixed predictors and source constants; no source-estimation uncertainty,False,2000,20260919,42,mean_level,-0.004165503239907498,-0.02711367898889494,0.02633121656827686,
test,unseen,7,True,post-hoc descriptive; fixed predictors and source constants; no source-estimation uncertainty,False,2000,20260919,42,residual,0.0,0.0,0.0,
test,unseen,7,True,post-hoc descriptive; fixed predictors and source constants; no source-estimation uncertainty,False,2000,20260919,123,Delta_pipe,0.1391979415071769,0.04857414032538243,0.23037499398445851,
test,unseen,7,True,post-hoc descriptive; fixed predictors and source constants; no source-estimation uncertainty,False,2000,20260919,123,O_input,0.1877094656609396,0.05069974650986242,0.31612686743959395,
test,unseen,7,True,post-hoc descriptive; fixed predictors and source constants; no source-estimation uncertainty,False,2000,20260919,123,MLP16_input,0.04577246814506841,0.006888293333482398,0.08095082987398154,
test,unseen,7,True,post-hoc descriptive; fixed predictors and source constants; no source-estimation uncertainty,False,2000,20260919,123,mean_level,-0.002739056008694285,-0.018488168934230664,0.020481011407578964,
test,unseen,7,True,post-hoc descriptive; fixed predictors and source constants; no source-estimation uncertainty,False,2000,20260919,123,residual,0.0,0.0,0.0,
test,unseen,7,True,post-hoc descriptive; fixed predictors and source constants; no source-estimation uncertainty,False,2000,20260919,456,Delta_pipe,0.1248599903005122,0.02391372405482042,0.23179388893225472,
test,unseen,7,True,post-hoc descriptive; fixed predictors and source constants; no source-estimation uncertainty,False,2000,20260919,456,O_input,0.1760478544061428,0.0501830737033105,0.2932323435333801,
test,unseen,7,True,post-hoc descriptive; fixed predictors and source constants; no source-estimation uncertainty,False,2000,20260919,456,MLP16_input,0.05025080838321205,0.011104688675844377,0.08761828495652127,
test,unseen,7,True,post-hoc descriptive; fixed predictors and source constants; no source-estimation uncertainty,False,2000,20260919,456,mean_level,-0.0009370557224185339,-0.058599534108000895,0.041646580104842124,
test,unseen,7,True,post-hoc descriptive; fixed predictors and source constants; no source-estimation uncertainty,False,2000,20260919,456,residual,0.0,0.0,0.0,
test,unseen,7,True,post-hoc descriptive; fixed predictors and source constants; no source-estimation uncertainty,False,2000,20260919,finite_mean_42_123_456,Delta_pipe,0.15632025271618968,0.05143529369966926,0.2660171205812369,0.04268013655320251
test,unseen,7,True,post-hoc descriptive; fixed predictors and source constants; no source-estimation uncertainty,False,2000,20260919,finite_mean_42_123_456,O_input,0.20349663792318698,0.05784337295577769,0.3434552260314645,0.037894712010729734
test,unseen,7,True,post-hoc descriptive; fixed predictors and source constants; no source-estimation uncertainty,False,2000,20260919,finite_mean_42_123_456,MLP16_input,0.04456251354999052,0.00614253302321416,0.08360387459815154,0.006379911183035314
test,unseen,7,True,post-hoc descriptive; fixed predictors and source constants; no source-estimation uncertainty,False,2000,20260919,finite_mean_42_123_456,mean_level,-0.002613871657006772,-0.03297102470370561,0.027743281389692176,0.0016178602179192521
test,unseen,7,True,post-hoc descriptive; fixed predictors and source constants; no source-estimation uncertainty,False,2000,20260919,finite_mean_42_123_456,residual,0.0,0.0,0.0,0.0
