Id,Dataset_id,Name,Description,TYPE,File,Visiable,Label,Label_Description,Fault_level,RUL_label,RUL_label_description,Domain_id,Domain_description,Sample_rate,Sample_lenth,Channel,Fault_Diagnosis,Anomaly_Detection,Remaining_Life,Digital_Twin_Prediction
46305,8,RM_008_UNSW,,,Test 1/6Hz/vib_000002663_06.mat,1,0.0,,,1.0,,0.0,,51200.0,614400.0,6.0,1,1,1,1
46306,8,RM_008_UNSW,,,Test 1/6Hz/vib_000005667_06.mat,1,0.0,,,0.9873417721518988,,0.0,,51200.0,614400.0,6.0,1,1,1,1
46307,8,RM_008_UNSW,,,Test 1/6Hz/vib_000010665_06.mat,1,0.0,,,0.9746835443037974,,0.0,,51200.0,614400.0,6.0,1,1,1,1
46308,8,RM_008_UNSW,,,Test 1/6Hz/vib_000015665_06.mat,1,0.0,,,0.9620253164556962,,0.0,,51200.0,614400.0,6.0,1,1,1,1
46309,8,RM_008_UNSW,,,Test 1/6Hz/vib_000020662_06.mat,1,0.0,,,0.9493670886075949,,0.0,,51200.0,614400.0,6.0,1,1,1,1
46310,8,RM_008_UNSW,,,Test 1/6Hz/vib_000025693_06.mat,1,0.0,,,0.9367088607594937,,0.0,,51200.0,614400.0,6.0,1,1,1,1
46311,8,RM_008_UNSW,,,Test 1/6Hz/vib_000030664_06.mat,1,0.0,,,0.9240506329113924,,0.0,,51200.0,614400.0,6.0,1,1,1,1
46312,8,RM_008_UNSW,,,Test 1/6Hz/vib_000035655_06.mat,1,0.0,,,0.9113924050632911,,0.0,,51200.0,614400.0,6.0,1,1,1,1
46313,8,RM_008_UNSW,,,Test 1/6Hz/vib_000040657_06.mat,1,0.0,,,0.8987341772151899,,0.0,,51200.0,614400.0,6.0,1,1,1,1
46314,8,RM_008_UNSW,,,Test 1/6Hz/vib_000045658_06.mat,1,0.0,,,0.8860759493670887,,0.0,,51200.0,614400.0,6.0,1,1,1,1
46315,8,RM_008_UNSW,,,Test 1/6Hz/vib_000050657_06.mat,1,0.0,,,0.8734177215189873,,0.0,,51200.0,614400.0,6.0,1,1,1,1
46316,8,RM_008_UNSW,,,Test 1/6Hz/vib_000053324_06.mat,1,0.0,,,0.8607594936708861,,0.0,,51200.0,614400.0,6.0,1,1,1,1
46317,8,RM_008_UNSW,,,Test 1/6Hz/vib_000056314_06.mat,1,0.0,,,0.8481012658227848,,0.0,,51200.0,614400.0,6.0,1,1,1,1
46318,8,RM_008_UNSW,,,Test 1/6Hz/vib_000061323_06.mat,1,0.0,,,0.8354430379746836,,0.0,,51200.0,614400.0,6.0,1,1,1,1
46319,8,RM_008_UNSW,,,Test 1/6Hz/vib_000066321_06.mat,1,0.0,,,0.8227848101265822,,0.0,,51200.0,614400.0,6.0,1,1,1,1
46320,8,RM_008_UNSW,,,Test 1/6Hz/vib_000071314_06.mat,1,0.0,,,0.810126582278481,,0.0,,51200.0,614400.0,6.0,1,1,1,1
46321,8,RM_008_UNSW,,,Test 1/6Hz/vib_000076315_06.mat,1,0.0,,,0.7974683544303798,,0.0,,51200.0,614400.0,6.0,1,1,1,1
46322,8,RM_008_UNSW,,,Test 1/6Hz/vib_000081323_06.mat,1,0.0,,,0.7848101265822784,,0.0,,51200.0,614400.0,6.0,1,1,1,1
46323,8,RM_008_UNSW,,,Test 1/6Hz/vib_000086314_06.mat,1,0.0,,,0.7721518987341772,,0.0,,51200.0,614400.0,6.0,1,1,1,1
46324,8,RM_008_UNSW,,,Test 1/6Hz/vib_000091317_06.mat,1,0.0,,,0.759493670886076,,0.0,,51200.0,614400.0,6.0,1,1,1,1
46325,8,RM_008_UNSW,,,Test 1/6Hz/vib_000096313_06.mat,1,0.0,,,0.7468354430379747,,0.0,,51200.0,614400.0,6.0,1,1,1,1
46326,8,RM_008_UNSW,,,Test 1/6Hz/vib_000101314_06.mat,1,0.0,,,0.7341772151898734,,0.0,,51200.0,614400.0,6.0,1,1,1,1
46327,8,RM_008_UNSW,,,Test 1/6Hz/vib_000103979_06.mat,1,0.0,,,0.7215189873417722,,0.0,,51200.0,614400.0,6.0,1,1,1,1
46328,8,RM_008_UNSW,,,Test 1/6Hz/vib_000106978_06.mat,1,0.0,,,0.7088607594936709,,0.0,,51200.0,614400.0,6.0,1,1,1,1
46329,8,RM_008_UNSW,,,Test 1/6Hz/vib_000111984_06.mat,1,0.0,,,0.6962025316455696,,0.0,,51200.0,614400.0,6.0,1,1,1,1
46330,8,RM_008_UNSW,,,Test 1/6Hz/vib_000116982_06.mat,1,0.0,,,0.6835443037974683,,0.0,,51200.0,614400.0,6.0,1,1,1,1
46331,8,RM_008_UNSW,,,Test 1/6Hz/vib_000121976_06.mat,1,0.0,,,0.6708860759493671,,0.0,,51200.0,614400.0,6.0,1,1,1,1
46332,8,RM_008_UNSW,,,Test 1/6Hz/vib_000126977_06.mat,1,0.0,,,0.6582278481012658,,0.0,,51200.0,614400.0,6.0,1,1,1,1
46333,8,RM_008_UNSW,,,Test 1/6Hz/vib_000131976_06.mat,1,0.0,,,0.6455696202531646,,0.0,,51200.0,614400.0,6.0,1,1,1,1
46334,8,RM_008_UNSW,,,Test 1/6Hz/vib_000137081_06.mat,1,0.0,,,0.6329113924050633,,0.0,,51200.0,614400.0,6.0,1,1,1,1
46335,8,RM_008_UNSW,,,Test 1/6Hz/vib_000141973_06.mat,1,0.0,,,0.620253164556962,,0.0,,51200.0,614400.0,6.0,1,1,1,1
46336,8,RM_008_UNSW,,,Test 1/6Hz/vib_000146978_06.mat,1,0.0,,,0.6075949367088608,,0.0,,51200.0,614400.0,6.0,1,1,1,1
46337,8,RM_008_UNSW,,,Test 1/6Hz/vib_000151976_06.mat,1,0.0,,,0.5949367088607596,,0.0,,51200.0,614400.0,6.0,1,1,1,1
46338,8,RM_008_UNSW,,,Test 1/6Hz/vib_000154635_06.mat,1,0.0,,,0.5822784810126582,,0.0,,51200.0,614400.0,6.0,1,1,1,1
46339,8,RM_008_UNSW,,,Test 1/6Hz/vib_000157647_06.mat,1,0.0,,,0.5696202531645569,,0.0,,51200.0,614400.0,6.0,1,1,1,1
46340,8,RM_008_UNSW,,,Test 1/6Hz/vib_000162644_06.mat,1,0.0,,,0.5569620253164558,,0.0,,51200.0,614400.0,6.0,1,1,1,1
46341,8,RM_008_UNSW,,,Test 1/6Hz/vib_000167641_06.mat,1,0.0,,,0.5443037974683544,,0.0,,51200.0,614400.0,6.0,1,1,1,1
46342,8,RM_008_UNSW,,,Test 1/6Hz/vib_000172638_06.mat,1,0.0,,,0.5316455696202531,,0.0,,51200.0,614400.0,6.0,1,1,1,1
46343,8,RM_008_UNSW,,,Test 1/6Hz/vib_000177635_06.mat,1,0.0,,,0.5189873417721519,,0.0,,51200.0,614400.0,6.0,1,1,1,1
46344,8,RM_008_UNSW,,,Test 1/6Hz/vib_000182635_06.mat,1,0.0,,,0.5063291139240507,,0.0,,51200.0,614400.0,6.0,1,1,1,1
46345,8,RM_008_UNSW,,,Test 1/6Hz/vib_000187642_06.mat,1,0.0,,,0.49367088607594933,,0.0,,51200.0,614400.0,6.0,1,1,1,1
46346,8,RM_008_UNSW,,,Test 1/6Hz/vib_000192636_06.mat,1,0.0,,,0.4810126582278481,,0.0,,51200.0,614400.0,6.0,1,1,1,1
46347,8,RM_008_UNSW,,,Test 1/6Hz/vib_000197640_06.mat,1,0.0,,,0.4683544303797469,,0.0,,51200.0,614400.0,6.0,1,1,1,1
46348,8,RM_008_UNSW,,,Test 1/6Hz/vib_000202637_06.mat,1,0.0,,,0.45569620253164556,,0.0,,51200.0,614400.0,6.0,1,1,1,1
46349,8,RM_008_UNSW,,,Test 1/6Hz/vib_000205300_06.mat,1,0.0,,,0.44303797468354433,,0.0,,51200.0,614400.0,6.0,1,1,1,1
46350,8,RM_008_UNSW,,,Test 1/6Hz/vib_000208305_06.mat,1,0.0,,,0.430379746835443,,0.0,,51200.0,614400.0,6.0,1,1,1,1
46351,8,RM_008_UNSW,,,Test 1/6Hz/vib_000213296_06.mat,1,0.0,,,0.4177215189873418,,0.0,,51200.0,614400.0,6.0,1,1,1,1
46352,8,RM_008_UNSW,,,Test 1/6Hz/vib_000218298_06.mat,1,0.0,,,0.40506329113924056,,0.0,,51200.0,614400.0,6.0,1,1,1,1
46353,8,RM_008_UNSW,,,Test 1/6Hz/vib_000223298_06.mat,1,0.0,,,0.3924050632911392,,0.0,,51200.0,614400.0,6.0,1,1,1,1
46354,8,RM_008_UNSW,,,Test 1/6Hz/vib_000228298_06.mat,1,0.0,,,0.379746835443038,,0.0,,51200.0,614400.0,6.0,1,1,1,1
46355,8,RM_008_UNSW,,,Test 1/6Hz/vib_000233295_06.mat,1,0.0,,,0.36708860759493667,,0.0,,51200.0,614400.0,6.0,1,1,1,1
46356,8,RM_008_UNSW,,,Test 1/6Hz/vib_000238297_06.mat,1,0.0,,,0.35443037974683544,,0.0,,51200.0,614400.0,6.0,1,1,1,1
46357,8,RM_008_UNSW,,,Test 1/6Hz/vib_000243297_06.mat,1,0.0,,,0.3417721518987342,,0.0,,51200.0,614400.0,6.0,1,1,1,1
46358,8,RM_008_UNSW,,,Test 1/6Hz/vib_000248296_06.mat,1,0.0,,,0.3291139240506329,,0.0,,51200.0,614400.0,6.0,1,1,1,1
46359,8,RM_008_UNSW,,,Test 1/6Hz/vib_000253300_06.mat,1,0.0,,,0.31645569620253167,,0.0,,51200.0,614400.0,6.0,1,1,1,1
46360,8,RM_008_UNSW,,,Test 1/6Hz/vib_000255962_06.mat,1,0.0,,,0.30379746835443044,,0.0,,51200.0,614400.0,6.0,1,1,1,1
46361,8,RM_008_UNSW,,,Test 1/6Hz/vib_000258961_06.mat,1,0.0,,,0.2911392405063291,,0.0,,51200.0,614400.0,6.0,1,1,1,1
46362,8,RM_008_UNSW,,,Test 1/6Hz/vib_000263957_06.mat,1,0.0,,,0.2784810126582279,,0.0,,51200.0,614400.0,6.0,1,1,1,1
46363,8,RM_008_UNSW,,,Test 1/6Hz/vib_000268956_06.mat,1,0.0,,,0.26582278481012656,,0.0,,51200.0,614400.0,6.0,1,1,1,1
46364,8,RM_008_UNSW,,,Test 1/6Hz/vib_000273956_06.mat,1,0.0,,,0.25316455696202533,,0.0,,51200.0,614400.0,6.0,1,1,1,1
46365,8,RM_008_UNSW,,,Test 1/6Hz/vib_000276610_06.mat,1,0.0,,,0.2405063291139241,,0.0,,51200.0,614400.0,6.0,1,1,1,1
46366,8,RM_008_UNSW,,,Test 1/6Hz/vib_000279612_06.mat,1,0.0,,,0.22784810126582278,,0.0,,51200.0,614400.0,6.0,1,1,1,1
46367,8,RM_008_UNSW,,,Test 1/6Hz/vib_000284609_06.mat,1,0.0,,,0.21518987341772156,,0.0,,51200.0,614400.0,6.0,1,1,1,1
46368,8,RM_008_UNSW,,,Test 1/6Hz/vib_000289612_06.mat,1,0.0,,,0.20253164556962022,,0.0,,51200.0,614400.0,6.0,1,1,1,1
46369,8,RM_008_UNSW,,,Test 1/6Hz/vib_000294611_06.mat,1,0.0,,,0.189873417721519,,0.0,,51200.0,614400.0,6.0,1,1,1,1
46370,8,RM_008_UNSW,,,Test 1/6Hz/vib_000297270_06.mat,1,0.0,,,0.17721518987341778,,0.0,,51200.0,614400.0,6.0,1,1,1,1
46371,8,RM_008_UNSW,,,Test 1/6Hz/vib_000300266_06.mat,1,0.0,,,0.16455696202531644,,0.0,,51200.0,614400.0,6.0,1,1,1,1
46372,8,RM_008_UNSW,,,Test 1/6Hz/vib_000305269_06.mat,1,0.0,,,0.15189873417721522,,0.0,,51200.0,614400.0,6.0,1,1,1,1
46373,8,RM_008_UNSW,,,Test 1/6Hz/vib_000310272_06.mat,1,0.0,,,0.1392405063291139,,0.0,,51200.0,614400.0,6.0,1,1,1,1
46374,8,RM_008_UNSW,,,Test 1/6Hz/vib_000315270_06.mat,1,0.0,,,0.12658227848101267,,0.0,,51200.0,614400.0,6.0,1,1,1,1
46375,8,RM_008_UNSW,,,Test 1/6Hz/vib_000317931_06.mat,1,0.0,,,0.11392405063291144,,0.0,,51200.0,614400.0,6.0,1,1,1,1
46376,8,RM_008_UNSW,,,Test 1/6Hz/vib_000320919_06.mat,1,0.0,,,0.10126582278481011,,0.0,,51200.0,614400.0,6.0,1,1,1,1
46377,8,RM_008_UNSW,,,Test 1/6Hz/vib_000325928_06.mat,1,0.0,,,0.08860759493670889,,0.0,,51200.0,614400.0,6.0,1,1,1,1
46378,8,RM_008_UNSW,,,Test 1/6Hz/vib_000330922_06.mat,1,0.0,,,0.07594936708860756,,0.0,,51200.0,614400.0,6.0,1,1,1,1
46379,8,RM_008_UNSW,,,Test 1/6Hz/vib_000335923_06.mat,1,0.0,,,0.06329113924050633,,0.0,,51200.0,614400.0,6.0,1,1,1,1
46380,8,RM_008_UNSW,,,Test 1/6Hz/vib_000338583_06.mat,1,0.0,,,0.05063291139240511,,0.0,,51200.0,614400.0,6.0,1,1,1,1
46381,8,RM_008_UNSW,,,Test 1/6Hz/vib_000341578_06.mat,1,0.0,,,0.03797468354430378,,0.0,,51200.0,614400.0,6.0,1,1,1,1
46382,8,RM_008_UNSW,,,Test 1/6Hz/vib_000346581_06.mat,1,0.0,,,0.025316455696202556,,0.0,,51200.0,614400.0,6.0,1,1,1,1
46383,8,RM_008_UNSW,,,Test 1/6Hz/vib_000351581_06.mat,1,0.0,,,0.012658227848101333,,0.0,,51200.0,614400.0,6.0,1,1,1,1
46384,8,RM_008_UNSW,,,Test 1/6Hz/vib_000356575_06.mat,1,0.0,,,0.0,,0.0,,51200.0,614400.0,6.0,1,1,1,1
46385,8,RM_008_UNSW,,,Test 1/Multiple speeds/vib_000181979_20.mat,1,0.0,,,1.0,,3.0,,51200.0,614400.0,6.0,1,1,1,1
46386,8,RM_008_UNSW,,,Test 1/Multiple speeds/vib_000182234_15.mat,1,0.0,,,0.962962962962963,,2.0,,51200.0,614400.0,6.0,1,1,1,1
46387,8,RM_008_UNSW,,,Test 1/Multiple speeds/vib_000182462_12.mat,1,0.0,,,0.9259259259259259,,1.0,,51200.0,614400.0,6.0,1,1,1,1
46388,8,RM_008_UNSW,,,Test 1/Multiple speeds/vib_000182635_06.mat,1,0.0,,,0.8888888888888888,,0.0,,51200.0,614400.0,6.0,1,1,1,1
46389,8,RM_008_UNSW,,,Test 1/Multiple speeds/vib_000227641_20.mat,1,0.0,,,0.8518518518518519,,3.0,,51200.0,614400.0,6.0,1,1,1,1
46390,8,RM_008_UNSW,,,Test 1/Multiple speeds/vib_000227896_15.mat,1,0.0,,,0.8148148148148149,,2.0,,51200.0,614400.0,6.0,1,1,1,1
46391,8,RM_008_UNSW,,,Test 1/Multiple speeds/vib_000228125_12.mat,1,0.0,,,0.7777777777777778,,1.0,,51200.0,614400.0,6.0,1,1,1,1
46392,8,RM_008_UNSW,,,Test 1/Multiple speeds/vib_000228298_06.mat,1,0.0,,,0.7407407407407407,,0.0,,51200.0,614400.0,6.0,1,1,1,1
46393,8,RM_008_UNSW,,,Test 1/Multiple speeds/vib_000252642_20.mat,1,0.0,,,0.7037037037037037,,3.0,,51200.0,614400.0,6.0,1,1,1,1
46394,8,RM_008_UNSW,,,Test 1/Multiple speeds/vib_000252891_15.mat,1,0.0,,,0.6666666666666667,,2.0,,51200.0,614400.0,6.0,1,1,1,1
46395,8,RM_008_UNSW,,,Test 1/Multiple speeds/vib_000253125_12.mat,1,0.0,,,0.6296296296296297,,1.0,,51200.0,614400.0,6.0,1,1,1,1
46396,8,RM_008_UNSW,,,Test 1/Multiple speeds/vib_000253300_06.mat,1,0.0,,,0.5925925925925926,,0.0,,51200.0,614400.0,6.0,1,1,1,1
46397,8,RM_008_UNSW,,,Test 1/Multiple speeds/vib_000273304_20.mat,1,0.0,,,0.5555555555555556,,3.0,,51200.0,614400.0,6.0,1,1,1,1
46398,8,RM_008_UNSW,,,Test 1/Multiple speeds/vib_000273556_15.mat,1,0.0,,,0.5185185185185186,,2.0,,51200.0,614400.0,6.0,1,1,1,1
46399,8,RM_008_UNSW,,,Test 1/Multiple speeds/vib_000273784_12.mat,1,0.0,,,0.4814814814814815,,1.0,,51200.0,614400.0,6.0,1,1,1,1
46400,8,RM_008_UNSW,,,Test 1/Multiple speeds/vib_000273956_06.mat,1,0.0,,,0.4444444444444444,,0.0,,51200.0,614400.0,6.0,1,1,1,1
46401,8,RM_008_UNSW,,,Test 1/Multiple speeds/vib_000288959_20.mat,1,0.0,,,0.40740740740740744,,3.0,,51200.0,614400.0,6.0,1,1,1,1
46402,8,RM_008_UNSW,,,Test 1/Multiple speeds/vib_000289209_15.mat,1,0.0,,,0.37037037037037046,,2.0,,51200.0,614400.0,6.0,1,1,1,1
46403,8,RM_008_UNSW,,,Test 1/Multiple speeds/vib_000289441_12.mat,1,0.0,,,0.33333333333333337,,1.0,,51200.0,614400.0,6.0,1,1,1,1
46404,8,RM_008_UNSW,,,Test 1/Multiple speeds/vib_000289612_06.mat,1,0.0,,,0.2962962962962963,,0.0,,51200.0,614400.0,6.0,1,1,1,1
46405,8,RM_008_UNSW,,,Test 1/Multiple speeds/vib_000309616_20.mat,1,0.0,,,0.2592592592592593,,3.0,,51200.0,614400.0,6.0,1,1,1,1
46406,8,RM_008_UNSW,,,Test 1/Multiple speeds/vib_000309868_15.mat,1,0.0,,,0.22222222222222232,,2.0,,51200.0,614400.0,6.0,1,1,1,1
46407,8,RM_008_UNSW,,,Test 1/Multiple speeds/vib_000310101_12.mat,1,0.0,,,0.18518518518518523,,1.0,,51200.0,614400.0,6.0,1,1,1,1
46408,8,RM_008_UNSW,,,Test 1/Multiple speeds/vib_000310272_06.mat,1,0.0,,,0.14814814814814814,,0.0,,51200.0,614400.0,6.0,1,1,1,1
46409,8,RM_008_UNSW,,,Test 1/Multiple speeds/vib_000330272_20.mat,1,0.0,,,0.11111111111111116,,3.0,,51200.0,614400.0,6.0,1,1,1,1
46410,8,RM_008_UNSW,,,Test 1/Multiple speeds/vib_000330524_15.mat,1,0.0,,,0.07407407407407418,,2.0,,51200.0,614400.0,6.0,1,1,1,1
46411,8,RM_008_UNSW,,,Test 1/Multiple speeds/vib_000330751_12.mat,1,0.0,,,0.03703703703703709,,1.0,,51200.0,614400.0,6.0,1,1,1,1
46412,8,RM_008_UNSW,,,Test 1/Multiple speeds/vib_000330922_06.mat,1,0.0,,,0.0,,0.0,,51200.0,614400.0,6.0,1,1,1,1
46413,8,RM_008_UNSW,,,Test 2/6Hz/vib_000002672_06.mat,1,1.0,,,1.0,,0.0,,51200.0,614400.0,6.0,1,1,1,1
46414,8,RM_008_UNSW,,,Test 2/6Hz/vib_000005664_06.mat,1,1.0,,,0.9939759036144579,,0.0,,51200.0,614400.0,6.0,1,1,1,1
46415,8,RM_008_UNSW,,,Test 2/6Hz/vib_000010667_06.mat,1,1.0,,,0.9879518072289156,,0.0,,51200.0,614400.0,6.0,1,1,1,1
46416,8,RM_008_UNSW,,,Test 2/6Hz/vib_000015665_06.mat,1,1.0,,,0.9819277108433735,,0.0,,51200.0,614400.0,6.0,1,1,1,1
46417,8,RM_008_UNSW,,,Test 2/6Hz/vib_000020664_06.mat,1,1.0,,,0.9759036144578314,,0.0,,51200.0,614400.0,6.0,1,1,1,1
46418,8,RM_008_UNSW,,,Test 2/6Hz/vib_000025659_06.mat,1,1.0,,,0.9698795180722891,,0.0,,51200.0,614400.0,6.0,1,1,1,1
46419,8,RM_008_UNSW,,,Test 2/6Hz/vib_000030666_06.mat,1,1.0,,,0.963855421686747,,0.0,,51200.0,614400.0,6.0,1,1,1,1
46420,8,RM_008_UNSW,,,Test 2/6Hz/vib_000035663_06.mat,1,1.0,,,0.9578313253012049,,0.0,,51200.0,614400.0,6.0,1,1,1,1
46421,8,RM_008_UNSW,,,Test 2/6Hz/vib_000040656_06.mat,1,1.0,,,0.9518072289156626,,0.0,,51200.0,614400.0,6.0,1,1,1,1
46422,8,RM_008_UNSW,,,Test 2/6Hz/vib_000045660_06.mat,1,1.0,,,0.9457831325301205,,0.0,,51200.0,614400.0,6.0,1,1,1,1
46423,8,RM_008_UNSW,,,Test 2/6Hz/vib_000050661_06.mat,1,1.0,,,0.9397590361445783,,0.0,,51200.0,614400.0,6.0,1,1,1,1
46424,8,RM_008_UNSW,,,Test 2/6Hz/vib_000053333_06.mat,1,1.0,,,0.9337349397590361,,0.0,,51200.0,614400.0,6.0,1,1,1,1
46425,8,RM_008_UNSW,,,Test 2/6Hz/vib_000061325_06.mat,1,1.0,,,0.927710843373494,,0.0,,51200.0,614400.0,6.0,1,1,1,1
46426,8,RM_008_UNSW,,,Test 2/6Hz/vib_000071323_06.mat,1,1.0,,,0.9216867469879518,,0.0,,51200.0,614400.0,6.0,1,1,1,1
46427,8,RM_008_UNSW,,,Test 2/6Hz/vib_000081324_06.mat,1,1.0,,,0.9156626506024096,,0.0,,51200.0,614400.0,6.0,1,1,1,1
46428,8,RM_008_UNSW,,,Test 2/6Hz/vib_000091322_06.mat,1,1.0,,,0.9096385542168675,,0.0,,51200.0,614400.0,6.0,1,1,1,1
46429,8,RM_008_UNSW,,,Test 2/6Hz/vib_000101320_06.mat,1,1.0,,,0.9036144578313253,,0.0,,51200.0,614400.0,6.0,1,1,1,1
46430,8,RM_008_UNSW,,,Test 2/6Hz/vib_000111334_06.mat,1,1.0,,,0.8975903614457831,,0.0,,51200.0,614400.0,6.0,1,1,1,1
46431,8,RM_008_UNSW,,,Test 2/6Hz/vib_000121324_06.mat,1,1.0,,,0.891566265060241,,0.0,,51200.0,614400.0,6.0,1,1,1,1
46432,8,RM_008_UNSW,,,Test 2/6Hz/vib_000131326_06.mat,1,1.0,,,0.8855421686746988,,0.0,,51200.0,614400.0,6.0,1,1,1,1
46433,8,RM_008_UNSW,,,Test 2/6Hz/vib_000141320_06.mat,1,1.0,,,0.8795180722891567,,0.0,,51200.0,614400.0,6.0,1,1,1,1
46434,8,RM_008_UNSW,,,Test 2/6Hz/vib_000151327_06.mat,1,1.0,,,0.8734939759036144,,0.0,,51200.0,614400.0,6.0,1,1,1,1
46435,8,RM_008_UNSW,,,Test 2/6Hz/vib_000153995_06.mat,1,1.0,,,0.8674698795180723,,0.0,,51200.0,614400.0,6.0,1,1,1,1
46436,8,RM_008_UNSW,,,Test 2/6Hz/vib_000161990_06.mat,1,1.0,,,0.8614457831325302,,0.0,,51200.0,614400.0,6.0,1,1,1,1
46437,8,RM_008_UNSW,,,Test 2/6Hz/vib_000171986_06.mat,1,1.0,,,0.8554216867469879,,0.0,,51200.0,614400.0,6.0,1,1,1,1
46438,8,RM_008_UNSW,,,Test 2/6Hz/vib_000181986_06.mat,1,1.0,,,0.8493975903614458,,0.0,,51200.0,614400.0,6.0,1,1,1,1
46439,8,RM_008_UNSW,,,Test 2/6Hz/vib_000191989_06.mat,1,1.0,,,0.8433734939759037,,0.0,,51200.0,614400.0,6.0,1,1,1,1
46440,8,RM_008_UNSW,,,Test 2/6Hz/vib_000202000_06.mat,1,1.0,,,0.8373493975903614,,0.0,,51200.0,614400.0,6.0,1,1,1,1
46441,8,RM_008_UNSW,,,Test 2/6Hz/vib_000211987_06.mat,1,1.0,,,0.8313253012048193,,0.0,,51200.0,614400.0,6.0,1,1,1,1
46442,8,RM_008_UNSW,,,Test 2/6Hz/vib_000221990_06.mat,1,1.0,,,0.8253012048192772,,0.0,,51200.0,614400.0,6.0,1,1,1,1
46443,8,RM_008_UNSW,,,Test 2/6Hz/vib_000231982_06.mat,1,1.0,,,0.8192771084337349,,0.0,,51200.0,614400.0,6.0,1,1,1,1
46444,8,RM_008_UNSW,,,Test 2/6Hz/vib_000241981_06.mat,1,1.0,,,0.8132530120481928,,0.0,,51200.0,614400.0,6.0,1,1,1,1
46445,8,RM_008_UNSW,,,Test 2/6Hz/vib_000251990_06.mat,1,1.0,,,0.8072289156626506,,0.0,,51200.0,614400.0,6.0,1,1,1,1
46446,8,RM_008_UNSW,,,Test 2/6Hz/vib_000254752_06.mat,1,1.0,,,0.8012048192771084,,0.0,,51200.0,614400.0,6.0,1,1,1,1
46447,8,RM_008_UNSW,,,Test 2/6Hz/vib_000262752_06.mat,1,1.0,,,0.7951807228915663,,0.0,,51200.0,614400.0,6.0,1,1,1,1
46448,8,RM_008_UNSW,,,Test 2/6Hz/vib_000272754_06.mat,1,1.0,,,0.7891566265060241,,0.0,,51200.0,614400.0,6.0,1,1,1,1
46449,8,RM_008_UNSW,,,Test 2/6Hz/vib_000282751_06.mat,1,1.0,,,0.7831325301204819,,0.0,,51200.0,614400.0,6.0,1,1,1,1
46450,8,RM_008_UNSW,,,Test 2/6Hz/vib_000292758_06.mat,1,1.0,,,0.7771084337349398,,0.0,,51200.0,614400.0,6.0,1,1,1,1
46451,8,RM_008_UNSW,,,Test 2/6Hz/vib_000302760_06.mat,1,1.0,,,0.7710843373493976,,0.0,,51200.0,614400.0,6.0,1,1,1,1
46452,8,RM_008_UNSW,,,Test 2/6Hz/vib_000312758_06.mat,1,1.0,,,0.7650602409638554,,0.0,,51200.0,614400.0,6.0,1,1,1,1
46453,8,RM_008_UNSW,,,Test 2/6Hz/vib_000322752_06.mat,1,1.0,,,0.7590361445783133,,0.0,,51200.0,614400.0,6.0,1,1,1,1
46454,8,RM_008_UNSW,,,Test 2/6Hz/vib_000332752_06.mat,1,1.0,,,0.7530120481927711,,0.0,,51200.0,614400.0,6.0,1,1,1,1
46455,8,RM_008_UNSW,,,Test 2/6Hz/vib_000342757_06.mat,1,1.0,,,0.7469879518072289,,0.0,,51200.0,614400.0,6.0,1,1,1,1
46456,8,RM_008_UNSW,,,Test 2/6Hz/vib_000352762_06.mat,1,1.0,,,0.7409638554216867,,0.0,,51200.0,614400.0,6.0,1,1,1,1
46457,8,RM_008_UNSW,,,Test 2/6Hz/vib_000355534_06.mat,1,1.0,,,0.7349397590361446,,0.0,,51200.0,614400.0,6.0,1,1,1,1
46458,8,RM_008_UNSW,,,Test 2/6Hz/vib_000363552_06.mat,1,1.0,,,0.7289156626506024,,0.0,,51200.0,614400.0,6.0,1,1,1,1
46459,8,RM_008_UNSW,,,Test 2/6Hz/vib_000373536_06.mat,1,1.0,,,0.7228915662650602,,0.0,,51200.0,614400.0,6.0,1,1,1,1
46460,8,RM_008_UNSW,,,Test 2/6Hz/vib_000383526_06.mat,1,1.0,,,0.7168674698795181,,0.0,,51200.0,614400.0,6.0,1,1,1,1
46461,8,RM_008_UNSW,,,Test 2/6Hz/vib_000393526_06.mat,1,1.0,,,0.7108433734939759,,0.0,,51200.0,614400.0,6.0,1,1,1,1
46462,8,RM_008_UNSW,,,Test 2/6Hz/vib_000403520_06.mat,1,1.0,,,0.7048192771084337,,0.0,,51200.0,614400.0,6.0,1,1,1,1
46463,8,RM_008_UNSW,,,Test 2/6Hz/vib_000413529_06.mat,1,1.0,,,0.6987951807228916,,0.0,,51200.0,614400.0,6.0,1,1,1,1
46464,8,RM_008_UNSW,,,Test 2/6Hz/vib_000423524_06.mat,1,1.0,,,0.6927710843373494,,0.0,,51200.0,614400.0,6.0,1,1,1,1
46465,8,RM_008_UNSW,,,Test 2/6Hz/vib_000433511_06.mat,1,1.0,,,0.6867469879518072,,0.0,,51200.0,614400.0,6.0,1,1,1,1
46466,8,RM_008_UNSW,,,Test 2/6Hz/vib_000443517_06.mat,1,1.0,,,0.6807228915662651,,0.0,,51200.0,614400.0,6.0,1,1,1,1
46467,8,RM_008_UNSW,,,Test 2/6Hz/vib_000453517_06.mat,1,1.0,,,0.6746987951807228,,0.0,,51200.0,614400.0,6.0,1,1,1,1
46468,8,RM_008_UNSW,,,Test 2/6Hz/vib_000456418_06.mat,1,1.0,,,0.6686746987951807,,0.0,,51200.0,614400.0,6.0,1,1,1,1
46469,8,RM_008_UNSW,,,Test 2/6Hz/vib_000474362_06.mat,1,1.0,,,0.6626506024096386,,0.0,,51200.0,614400.0,6.0,1,1,1,1
46470,8,RM_008_UNSW,,,Test 2/6Hz/vib_000494360_06.mat,1,1.0,,,0.6566265060240963,,0.0,,51200.0,614400.0,6.0,1,1,1,1
46471,8,RM_008_UNSW,,,Test 2/6Hz/vib_000514362_06.mat,1,1.0,,,0.6506024096385542,,0.0,,51200.0,614400.0,6.0,1,1,1,1
46472,8,RM_008_UNSW,,,Test 2/6Hz/vib_000534410_06.mat,1,1.0,,,0.6445783132530121,,0.0,,51200.0,614400.0,6.0,1,1,1,1
46473,8,RM_008_UNSW,,,Test 2/6Hz/vib_000554407_06.mat,1,1.0,,,0.6385542168674698,,0.0,,51200.0,614400.0,6.0,1,1,1,1
46474,8,RM_008_UNSW,,,Test 2/6Hz/vib_000574409_06.mat,1,1.0,,,0.6325301204819277,,0.0,,51200.0,614400.0,6.0,1,1,1,1
46475,8,RM_008_UNSW,,,Test 2/6Hz/vib_000594360_06.mat,1,1.0,,,0.6265060240963856,,0.0,,51200.0,614400.0,6.0,1,1,1,1
46476,8,RM_008_UNSW,,,Test 2/6Hz/vib_000614400_06.mat,1,1.0,,,0.6204819277108433,,0.0,,51200.0,614400.0,6.0,1,1,1,1
46477,8,RM_008_UNSW,,,Test 2/6Hz/vib_000634356_06.mat,1,1.0,,,0.6144578313253012,,0.0,,51200.0,614400.0,6.0,1,1,1,1
46478,8,RM_008_UNSW,,,Test 2/6Hz/vib_000654355_06.mat,1,1.0,,,0.608433734939759,,0.0,,51200.0,614400.0,6.0,1,1,1,1
46479,8,RM_008_UNSW,,,Test 2/6Hz/vib_000657255_06.mat,1,1.0,,,0.6024096385542168,,0.0,,51200.0,614400.0,6.0,1,1,1,1
46480,8,RM_008_UNSW,,,Test 2/6Hz/vib_000675196_06.mat,1,1.0,,,0.5963855421686747,,0.0,,51200.0,614400.0,6.0,1,1,1,1
46481,8,RM_008_UNSW,,,Test 2/6Hz/vib_000695204_06.mat,1,1.0,,,0.5903614457831325,,0.0,,51200.0,614400.0,6.0,1,1,1,1
46482,8,RM_008_UNSW,,,Test 2/6Hz/vib_000715215_06.mat,1,1.0,,,0.5843373493975903,,0.0,,51200.0,614400.0,6.0,1,1,1,1
46483,8,RM_008_UNSW,,,Test 2/6Hz/vib_000735203_06.mat,1,1.0,,,0.5783132530120482,,0.0,,51200.0,614400.0,6.0,1,1,1,1
46484,8,RM_008_UNSW,,,Test 2/6Hz/vib_000755199_06.mat,1,1.0,,,0.572289156626506,,0.0,,51200.0,614400.0,6.0,1,1,1,1
46485,8,RM_008_UNSW,,,Test 2/6Hz/vib_000775201_06.mat,1,1.0,,,0.5662650602409638,,0.0,,51200.0,614400.0,6.0,1,1,1,1
46486,8,RM_008_UNSW,,,Test 2/6Hz/vib_000795198_06.mat,1,1.0,,,0.5602409638554217,,0.0,,51200.0,614400.0,6.0,1,1,1,1
46487,8,RM_008_UNSW,,,Test 2/6Hz/vib_000815247_06.mat,1,1.0,,,0.5542168674698795,,0.0,,51200.0,614400.0,6.0,1,1,1,1
46488,8,RM_008_UNSW,,,Test 2/6Hz/vib_000835197_06.mat,1,1.0,,,0.5481927710843373,,0.0,,51200.0,614400.0,6.0,1,1,1,1
46489,8,RM_008_UNSW,,,Test 2/6Hz/vib_000855194_06.mat,1,1.0,,,0.5421686746987951,,0.0,,51200.0,614400.0,6.0,1,1,1,1
46490,8,RM_008_UNSW,,,Test 2/6Hz/vib_000858090_06.mat,1,1.0,,,0.536144578313253,,0.0,,51200.0,614400.0,6.0,1,1,1,1
46491,8,RM_008_UNSW,,,Test 2/6Hz/vib_000876047_06.mat,1,1.0,,,0.5301204819277108,,0.0,,51200.0,614400.0,6.0,1,1,1,1
46492,8,RM_008_UNSW,,,Test 2/6Hz/vib_000896043_06.mat,1,1.0,,,0.5240963855421686,,0.0,,51200.0,614400.0,6.0,1,1,1,1
46493,8,RM_008_UNSW,,,Test 2/6Hz/vib_000916051_06.mat,1,1.0,,,0.5180722891566265,,0.0,,51200.0,614400.0,6.0,1,1,1,1
46494,8,RM_008_UNSW,,,Test 2/6Hz/vib_000936091_06.mat,1,1.0,,,0.5120481927710843,,0.0,,51200.0,614400.0,6.0,1,1,1,1
46495,8,RM_008_UNSW,,,Test 2/6Hz/vib_000956048_06.mat,1,1.0,,,0.5060240963855421,,0.0,,51200.0,614400.0,6.0,1,1,1,1
46496,8,RM_008_UNSW,,,Test 2/6Hz/vib_000976095_06.mat,1,1.0,,,0.5,,0.0,,51200.0,614400.0,6.0,1,1,1,1
46497,8,RM_008_UNSW,,,Test 2/6Hz/vib_000996092_06.mat,1,1.0,,,0.49397590361445776,,0.0,,51200.0,614400.0,6.0,1,1,1,1
46498,8,RM_008_UNSW,,,Test 2/6Hz/vib_001016039_06.mat,1,1.0,,,0.4879518072289156,,0.0,,51200.0,614400.0,6.0,1,1,1,1
46499,8,RM_008_UNSW,,,Test 2/6Hz/vib_001036045_06.mat,1,1.0,,,0.4819277108433735,,0.0,,51200.0,614400.0,6.0,1,1,1,1
46500,8,RM_008_UNSW,,,Test 2/6Hz/vib_001056094_06.mat,1,1.0,,,0.47590361445783125,,0.0,,51200.0,614400.0,6.0,1,1,1,1
46501,8,RM_008_UNSW,,,Test 2/6Hz/vib_001058942_06.mat,1,1.0,,,0.4698795180722891,,0.0,,51200.0,614400.0,6.0,1,1,1,1
46502,8,RM_008_UNSW,,,Test 2/6Hz/vib_001076939_06.mat,1,1.0,,,0.463855421686747,,0.0,,51200.0,614400.0,6.0,1,1,1,1
46503,8,RM_008_UNSW,,,Test 2/6Hz/vib_001096984_06.mat,1,1.0,,,0.45783132530120474,,0.0,,51200.0,614400.0,6.0,1,1,1,1
46504,8,RM_008_UNSW,,,Test 2/6Hz/vib_001116944_06.mat,1,1.0,,,0.4518072289156626,,0.0,,51200.0,614400.0,6.0,1,1,1,1
46505,8,RM_008_UNSW,,,Test 2/6Hz/vib_001136990_06.mat,1,1.0,,,0.4457831325301205,,0.0,,51200.0,614400.0,6.0,1,1,1,1
46506,8,RM_008_UNSW,,,Test 2/6Hz/vib_001156943_06.mat,1,1.0,,,0.43975903614457823,,0.0,,51200.0,614400.0,6.0,1,1,1,1
46507,8,RM_008_UNSW,,,Test 2/6Hz/vib_001176945_06.mat,1,1.0,,,0.4337349397590361,,0.0,,51200.0,614400.0,6.0,1,1,1,1
46508,8,RM_008_UNSW,,,Test 2/6Hz/vib_001196988_06.mat,1,1.0,,,0.42771084337349397,,0.0,,51200.0,614400.0,6.0,1,1,1,1
46509,8,RM_008_UNSW,,,Test 2/6Hz/vib_001216953_06.mat,1,1.0,,,0.4216867469879517,,0.0,,51200.0,614400.0,6.0,1,1,1,1
46510,8,RM_008_UNSW,,,Test 2/6Hz/vib_001236941_06.mat,1,1.0,,,0.4156626506024096,,0.0,,51200.0,614400.0,6.0,1,1,1,1
46511,8,RM_008_UNSW,,,Test 2/6Hz/vib_001257007_06.mat,1,1.0,,,0.40963855421686746,,0.0,,51200.0,614400.0,6.0,1,1,1,1
46512,8,RM_008_UNSW,,,Test 2/6Hz/vib_001259915_06.mat,1,1.0,,,0.4036144578313253,,0.0,,51200.0,614400.0,6.0,1,1,1,1
46513,8,RM_008_UNSW,,,Test 2/6Hz/vib_001297905_06.mat,1,1.0,,,0.3975903614457831,,0.0,,51200.0,614400.0,6.0,1,1,1,1
46514,8,RM_008_UNSW,,,Test 2/6Hz/vib_001337859_06.mat,1,1.0,,,0.39156626506024095,,0.0,,51200.0,614400.0,6.0,1,1,1,1
46515,8,RM_008_UNSW,,,Test 2/6Hz/vib_001377905_06.mat,1,1.0,,,0.3855421686746988,,0.0,,51200.0,614400.0,6.0,1,1,1,1
46516,8,RM_008_UNSW,,,Test 2/6Hz/vib_001417854_06.mat,1,1.0,,,0.37951807228915657,,0.0,,51200.0,614400.0,6.0,1,1,1,1
46517,8,RM_008_UNSW,,,Test 2/6Hz/vib_001457906_06.mat,1,1.0,,,0.37349397590361444,,0.0,,51200.0,614400.0,6.0,1,1,1,1
46518,8,RM_008_UNSW,,,Test 2/6Hz/vib_001460656_06.mat,1,1.0,,,0.3674698795180723,,0.0,,51200.0,614400.0,6.0,1,1,1,1
46519,8,RM_008_UNSW,,,Test 2/6Hz/vib_001478699_06.mat,1,1.0,,,0.36144578313253006,,0.0,,51200.0,614400.0,6.0,1,1,1,1
46520,8,RM_008_UNSW,,,Test 2/6Hz/vib_001498650_06.mat,1,1.0,,,0.35542168674698793,,0.0,,51200.0,614400.0,6.0,1,1,1,1
46521,8,RM_008_UNSW,,,Test 2/6Hz/vib_001518648_06.mat,1,1.0,,,0.3493975903614458,,0.0,,51200.0,614400.0,6.0,1,1,1,1
46522,8,RM_008_UNSW,,,Test 2/6Hz/vib_001521397_06.mat,1,1.0,,,0.34337349397590355,,0.0,,51200.0,614400.0,6.0,1,1,1,1
46523,8,RM_008_UNSW,,,Test 2/6Hz/vib_001539441_06.mat,1,1.0,,,0.3373493975903614,,0.0,,51200.0,614400.0,6.0,1,1,1,1
46524,8,RM_008_UNSW,,,Test 2/6Hz/vib_001559384_06.mat,1,1.0,,,0.3313253012048193,,0.0,,51200.0,614400.0,6.0,1,1,1,1
46525,8,RM_008_UNSW,,,Test 2/6Hz/vib_001579391_06.mat,1,1.0,,,0.32530120481927705,,0.0,,51200.0,614400.0,6.0,1,1,1,1
46526,8,RM_008_UNSW,,,Test 2/6Hz/vib_001582139_06.mat,1,1.0,,,0.3192771084337349,,0.0,,51200.0,614400.0,6.0,1,1,1,1
46527,8,RM_008_UNSW,,,Test 2/6Hz/vib_001590190_06.mat,1,1.0,,,0.3132530120481928,,0.0,,51200.0,614400.0,6.0,1,1,1,1
46528,8,RM_008_UNSW,,,Test 2/6Hz/vib_001600185_06.mat,1,1.0,,,0.30722891566265054,,0.0,,51200.0,614400.0,6.0,1,1,1,1
46529,8,RM_008_UNSW,,,Test 2/6Hz/vib_001610174_06.mat,1,1.0,,,0.3012048192771084,,0.0,,51200.0,614400.0,6.0,1,1,1,1
46530,8,RM_008_UNSW,,,Test 2/6Hz/vib_001620147_06.mat,1,1.0,,,0.29518072289156627,,0.0,,51200.0,614400.0,6.0,1,1,1,1
46531,8,RM_008_UNSW,,,Test 2/6Hz/vib_001630129_06.mat,1,1.0,,,0.28915662650602403,,0.0,,51200.0,614400.0,6.0,1,1,1,1
46532,8,RM_008_UNSW,,,Test 2/6Hz/vib_001633037_06.mat,1,1.0,,,0.2831325301204819,,0.0,,51200.0,614400.0,6.0,1,1,1,1
46533,8,RM_008_UNSW,,,Test 2/6Hz/vib_001640983_06.mat,1,1.0,,,0.27710843373493976,,0.0,,51200.0,614400.0,6.0,1,1,1,1
46534,8,RM_008_UNSW,,,Test 2/6Hz/vib_001650984_06.mat,1,1.0,,,0.2710843373493975,,0.0,,51200.0,614400.0,6.0,1,1,1,1
46535,8,RM_008_UNSW,,,Test 2/6Hz/vib_001661030_06.mat,1,1.0,,,0.2650602409638554,,0.0,,51200.0,614400.0,6.0,1,1,1,1
46536,8,RM_008_UNSW,,,Test 2/6Hz/vib_001671014_06.mat,1,1.0,,,0.25903614457831325,,0.0,,51200.0,614400.0,6.0,1,1,1,1
46537,8,RM_008_UNSW,,,Test 2/6Hz/vib_001681016_06.mat,1,1.0,,,0.253012048192771,,0.0,,51200.0,614400.0,6.0,1,1,1,1
46538,8,RM_008_UNSW,,,Test 2/6Hz/vib_001683913_06.mat,1,1.0,,,0.24698795180722888,,0.0,,51200.0,614400.0,6.0,1,1,1,1
46539,8,RM_008_UNSW,,,Test 2/6Hz/vib_001691910_06.mat,1,1.0,,,0.24096385542168675,,0.0,,51200.0,614400.0,6.0,1,1,1,1
46540,8,RM_008_UNSW,,,Test 2/6Hz/vib_001701859_06.mat,1,1.0,,,0.2349397590361445,,0.0,,51200.0,614400.0,6.0,1,1,1,1
46541,8,RM_008_UNSW,,,Test 2/6Hz/vib_001711910_06.mat,1,1.0,,,0.22891566265060237,,0.0,,51200.0,614400.0,6.0,1,1,1,1
46542,8,RM_008_UNSW,,,Test 2/6Hz/vib_001721909_06.mat,1,1.0,,,0.22289156626506024,,0.0,,51200.0,614400.0,6.0,1,1,1,1
46543,8,RM_008_UNSW,,,Test 2/6Hz/vib_001731855_06.mat,1,1.0,,,0.216867469879518,,0.0,,51200.0,614400.0,6.0,1,1,1,1
46544,8,RM_008_UNSW,,,Test 2/6Hz/vib_001734717_06.mat,1,1.0,,,0.21084337349397586,,0.0,,51200.0,614400.0,6.0,1,1,1,1
46545,8,RM_008_UNSW,,,Test 2/6Hz/vib_001742755_06.mat,1,1.0,,,0.20481927710843373,,0.0,,51200.0,614400.0,6.0,1,1,1,1
46546,8,RM_008_UNSW,,,Test 2/6Hz/vib_001752707_06.mat,1,1.0,,,0.19879518072289148,,0.0,,51200.0,614400.0,6.0,1,1,1,1
46547,8,RM_008_UNSW,,,Test 2/6Hz/vib_001762695_06.mat,1,1.0,,,0.19277108433734935,,0.0,,51200.0,614400.0,6.0,1,1,1,1
46548,8,RM_008_UNSW,,,Test 2/6Hz/vib_001772694_06.mat,1,1.0,,,0.18674698795180722,,0.0,,51200.0,614400.0,6.0,1,1,1,1
46549,8,RM_008_UNSW,,,Test 2/6Hz/vib_001782693_06.mat,1,1.0,,,0.18072289156626498,,0.0,,51200.0,614400.0,6.0,1,1,1,1
46550,8,RM_008_UNSW,,,Test 2/6Hz/vib_001785598_06.mat,1,1.0,,,0.17469879518072284,,0.0,,51200.0,614400.0,6.0,1,1,1,1
46551,8,RM_008_UNSW,,,Test 2/6Hz/vib_001793591_06.mat,1,1.0,,,0.1686746987951807,,0.0,,51200.0,614400.0,6.0,1,1,1,1
46552,8,RM_008_UNSW,,,Test 2/6Hz/vib_001803540_06.mat,1,1.0,,,0.16265060240963847,,0.0,,51200.0,614400.0,6.0,1,1,1,1
46553,8,RM_008_UNSW,,,Test 2/6Hz/vib_001813540_06.mat,1,1.0,,,0.15662650602409633,,0.0,,51200.0,614400.0,6.0,1,1,1,1
46554,8,RM_008_UNSW,,,Test 2/6Hz/vib_001823533_06.mat,1,1.0,,,0.1506024096385542,,0.0,,51200.0,614400.0,6.0,1,1,1,1
46555,8,RM_008_UNSW,,,Test 2/6Hz/vib_001833592_06.mat,1,1.0,,,0.14457831325301196,,0.0,,51200.0,614400.0,6.0,1,1,1,1
46556,8,RM_008_UNSW,,,Test 2/6Hz/vib_001836448_06.mat,1,1.0,,,0.13855421686746983,,0.0,,51200.0,614400.0,6.0,1,1,1,1
46557,8,RM_008_UNSW,,,Test 2/6Hz/vib_001844493_06.mat,1,1.0,,,0.1325301204819277,,0.0,,51200.0,614400.0,6.0,1,1,1,1
46558,8,RM_008_UNSW,,,Test 2/6Hz/vib_001854485_06.mat,1,1.0,,,0.12650602409638545,,0.0,,51200.0,614400.0,6.0,1,1,1,1
46559,8,RM_008_UNSW,,,Test 2/6Hz/vib_001864433_06.mat,1,1.0,,,0.12048192771084332,,0.0,,51200.0,614400.0,6.0,1,1,1,1
46560,8,RM_008_UNSW,,,Test 2/6Hz/vib_001874476_06.mat,1,1.0,,,0.11445783132530118,,0.0,,51200.0,614400.0,6.0,1,1,1,1
46561,8,RM_008_UNSW,,,Test 2/6Hz/vib_001884435_06.mat,1,1.0,,,0.10843373493975894,,0.0,,51200.0,614400.0,6.0,1,1,1,1
46562,8,RM_008_UNSW,,,Test 2/6Hz/vib_001887335_06.mat,1,1.0,,,0.10240963855421681,,0.0,,51200.0,614400.0,6.0,1,1,1,1
46563,8,RM_008_UNSW,,,Test 2/6Hz/vib_001895281_06.mat,1,1.0,,,0.09638554216867468,,0.0,,51200.0,614400.0,6.0,1,1,1,1
46564,8,RM_008_UNSW,,,Test 2/6Hz/vib_001905330_06.mat,1,1.0,,,0.09036144578313243,,0.0,,51200.0,614400.0,6.0,1,1,1,1
46565,8,RM_008_UNSW,,,Test 2/6Hz/vib_001915268_06.mat,1,1.0,,,0.0843373493975903,,0.0,,51200.0,614400.0,6.0,1,1,1,1
46566,8,RM_008_UNSW,,,Test 2/6Hz/vib_001925322_06.mat,1,1.0,,,0.07831325301204817,,0.0,,51200.0,614400.0,6.0,1,1,1,1
46567,8,RM_008_UNSW,,,Test 2/6Hz/vib_001935281_06.mat,1,1.0,,,0.07228915662650592,,0.0,,51200.0,614400.0,6.0,1,1,1,1
46568,8,RM_008_UNSW,,,Test 2/6Hz/vib_001938171_06.mat,1,1.0,,,0.06626506024096379,,0.0,,51200.0,614400.0,6.0,1,1,1,1
46569,8,RM_008_UNSW,,,Test 2/6Hz/vib_001946121_06.mat,1,1.0,,,0.06024096385542166,,0.0,,51200.0,614400.0,6.0,1,1,1,1
46570,8,RM_008_UNSW,,,Test 2/6Hz/vib_001956117_06.mat,1,1.0,,,0.054216867469879415,,0.0,,51200.0,614400.0,6.0,1,1,1,1
46571,8,RM_008_UNSW,,,Test 2/6Hz/vib_001966122_06.mat,1,1.0,,,0.04819277108433728,,0.0,,51200.0,614400.0,6.0,1,1,1,1
46572,8,RM_008_UNSW,,,Test 2/6Hz/vib_001976174_06.mat,1,1.0,,,0.04216867469879515,,0.0,,51200.0,614400.0,6.0,1,1,1,1
46573,8,RM_008_UNSW,,,Test 2/6Hz/vib_001986125_06.mat,1,1.0,,,0.03614457831325302,,0.0,,51200.0,614400.0,6.0,1,1,1,1
46574,8,RM_008_UNSW,,,Test 2/6Hz/vib_001989027_06.mat,1,1.0,,,0.030120481927710774,,0.0,,51200.0,614400.0,6.0,1,1,1,1
46575,8,RM_008_UNSW,,,Test 2/6Hz/vib_001996968_06.mat,1,1.0,,,0.02409638554216864,,0.0,,51200.0,614400.0,6.0,1,1,1,1
46576,8,RM_008_UNSW,,,Test 2/6Hz/vib_002007018_06.mat,1,1.0,,,0.01807228915662651,,0.0,,51200.0,614400.0,6.0,1,1,1,1
46577,8,RM_008_UNSW,,,Test 2/6Hz/vib_002016967_06.mat,1,1.0,,,0.012048192771084265,,0.0,,51200.0,614400.0,6.0,1,1,1,1
46578,8,RM_008_UNSW,,,Test 2/6Hz/vib_002027012_06.mat,1,1.0,,,0.0060240963855421326,,0.0,,51200.0,614400.0,6.0,1,1,1,1
46579,8,RM_008_UNSW,,,Test 2/6Hz/vib_002037010_06.mat,1,1.0,,,0.0,,0.0,,51200.0,614400.0,6.0,1,1,1,1
46580,8,RM_008_UNSW,,,Test 2/Multiple speeds/vib_001497913_20.mat,1,1.0,,,1.0,,3.0,,51200.0,614400.0,6.0,1,1,1,1
46581,8,RM_008_UNSW,,,Test 2/Multiple speeds/vib_001498243_15.mat,1,1.0,,,0.962962962962963,,2.0,,51200.0,614400.0,6.0,1,1,1,1
46582,8,RM_008_UNSW,,,Test 2/Multiple speeds/vib_001498477_12.mat,1,1.0,,,0.9259259259259259,,1.0,,51200.0,614400.0,6.0,1,1,1,1
46583,8,RM_008_UNSW,,,Test 2/Multiple speeds/vib_001498650_06.mat,1,1.0,,,0.8888888888888888,,0.0,,51200.0,614400.0,6.0,1,1,1,1
46584,8,RM_008_UNSW,,,Test 2/Multiple speeds/vib_001581398_20.mat,1,1.0,,,0.8518518518518519,,3.0,,51200.0,614400.0,6.0,1,1,1,1
46585,8,RM_008_UNSW,,,Test 2/Multiple speeds/vib_001581734_15.mat,1,1.0,,,0.8148148148148149,,2.0,,51200.0,614400.0,6.0,1,1,1,1
46586,8,RM_008_UNSW,,,Test 2/Multiple speeds/vib_001581970_12.mat,1,1.0,,,0.7777777777777778,,1.0,,51200.0,614400.0,6.0,1,1,1,1
46587,8,RM_008_UNSW,,,Test 2/Multiple speeds/vib_001582139_06.mat,1,1.0,,,0.7407407407407407,,0.0,,51200.0,614400.0,6.0,1,1,1,1
46588,8,RM_008_UNSW,,,Test 2/Multiple speeds/vib_001629394_20.mat,1,1.0,,,0.7037037037037037,,3.0,,51200.0,614400.0,6.0,1,1,1,1
46589,8,RM_008_UNSW,,,Test 2/Multiple speeds/vib_001629723_15.mat,1,1.0,,,0.6666666666666667,,2.0,,51200.0,614400.0,6.0,1,1,1,1
46590,8,RM_008_UNSW,,,Test 2/Multiple speeds/vib_001629957_12.mat,1,1.0,,,0.6296296296296297,,1.0,,51200.0,614400.0,6.0,1,1,1,1
46591,8,RM_008_UNSW,,,Test 2/Multiple speeds/vib_001630129_06.mat,1,1.0,,,0.5925925925925926,,0.0,,51200.0,614400.0,6.0,1,1,1,1
46592,8,RM_008_UNSW,,,Test 2/Multiple speeds/vib_001680238_20.mat,1,1.0,,,0.5555555555555556,,3.0,,51200.0,614400.0,6.0,1,1,1,1
46593,8,RM_008_UNSW,,,Test 2/Multiple speeds/vib_001680614_15.mat,1,1.0,,,0.5185185185185186,,2.0,,51200.0,614400.0,6.0,1,1,1,1
46594,8,RM_008_UNSW,,,Test 2/Multiple speeds/vib_001680845_12.mat,1,1.0,,,0.4814814814814815,,1.0,,51200.0,614400.0,6.0,1,1,1,1
46595,8,RM_008_UNSW,,,Test 2/Multiple speeds/vib_001681016_06.mat,1,1.0,,,0.4444444444444444,,0.0,,51200.0,614400.0,6.0,1,1,1,1
46596,8,RM_008_UNSW,,,Test 2/Multiple speeds/vib_001781960_20.mat,1,1.0,,,0.40740740740740744,,3.0,,51200.0,614400.0,6.0,1,1,1,1
46597,8,RM_008_UNSW,,,Test 2/Multiple speeds/vib_001782288_15.mat,1,1.0,,,0.37037037037037046,,2.0,,51200.0,614400.0,6.0,1,1,1,1
46598,8,RM_008_UNSW,,,Test 2/Multiple speeds/vib_001782522_12.mat,1,1.0,,,0.33333333333333337,,1.0,,51200.0,614400.0,6.0,1,1,1,1
46599,8,RM_008_UNSW,,,Test 2/Multiple speeds/vib_001782693_06.mat,1,1.0,,,0.2962962962962963,,0.0,,51200.0,614400.0,6.0,1,1,1,1
46600,8,RM_008_UNSW,,,Test 2/Multiple speeds/vib_001894543_20.mat,1,1.0,,,0.2592592592592593,,3.0,,51200.0,614400.0,6.0,1,1,1,1
46601,8,RM_008_UNSW,,,Test 2/Multiple speeds/vib_001894875_15.mat,1,1.0,,,0.22222222222222232,,2.0,,51200.0,614400.0,6.0,1,1,1,1
46602,8,RM_008_UNSW,,,Test 2/Multiple speeds/vib_001895110_12.mat,1,1.0,,,0.18518518518518523,,1.0,,51200.0,614400.0,6.0,1,1,1,1
46603,8,RM_008_UNSW,,,Test 2/Multiple speeds/vib_001895281_06.mat,1,1.0,,,0.14814814814814814,,0.0,,51200.0,614400.0,6.0,1,1,1,1
46604,8,RM_008_UNSW,,,Test 2/Multiple speeds/vib_001985390_20.mat,1,1.0,,,0.11111111111111116,,3.0,,51200.0,614400.0,6.0,1,1,1,1
46605,8,RM_008_UNSW,,,Test 2/Multiple speeds/vib_001985719_15.mat,1,1.0,,,0.07407407407407418,,2.0,,51200.0,614400.0,6.0,1,1,1,1
46606,8,RM_008_UNSW,,,Test 2/Multiple speeds/vib_001985951_12.mat,1,1.0,,,0.03703703703703709,,1.0,,51200.0,614400.0,6.0,1,1,1,1
46607,8,RM_008_UNSW,,,Test 2/Multiple speeds/vib_001986125_06.mat,1,1.0,,,0.0,,0.0,,51200.0,614400.0,6.0,1,1,1,1
46608,8,RM_008_UNSW,,,Test 3/6Hz/vib_000002802_06.mat,1,2.0,,,1.0,,0.0,,51200.0,614400.0,6.0,1,1,1,1
46609,8,RM_008_UNSW,,,Test 3/6Hz/vib_000010793_06.mat,1,2.0,,,0.9871794871794872,,0.0,,51200.0,614400.0,6.0,1,1,1,1
46610,8,RM_008_UNSW,,,Test 3/6Hz/vib_000020740_06.mat,1,2.0,,,0.9743589743589743,,0.0,,51200.0,614400.0,6.0,1,1,1,1
46611,8,RM_008_UNSW,,,Test 3/6Hz/vib_000030784_06.mat,1,2.0,,,0.9615384615384616,,0.0,,51200.0,614400.0,6.0,1,1,1,1
46612,8,RM_008_UNSW,,,Test 3/6Hz/vib_000040792_06.mat,1,2.0,,,0.9487179487179487,,0.0,,51200.0,614400.0,6.0,1,1,1,1
46613,8,RM_008_UNSW,,,Test 3/6Hz/vib_000050755_06.mat,1,2.0,,,0.9358974358974359,,0.0,,51200.0,614400.0,6.0,1,1,1,1
46614,8,RM_008_UNSW,,,Test 3/6Hz/vib_000060748_06.mat,1,2.0,,,0.9230769230769231,,0.0,,51200.0,614400.0,6.0,1,1,1,1
46615,8,RM_008_UNSW,,,Test 3/6Hz/vib_000063654_06.mat,1,2.0,,,0.9102564102564102,,0.0,,51200.0,614400.0,6.0,1,1,1,1
46616,8,RM_008_UNSW,,,Test 3/6Hz/vib_000071605_06.mat,1,2.0,,,0.8974358974358975,,0.0,,51200.0,614400.0,6.0,1,1,1,1
46617,8,RM_008_UNSW,,,Test 3/6Hz/vib_000081597_06.mat,1,2.0,,,0.8846153846153846,,0.0,,51200.0,614400.0,6.0,1,1,1,1
46618,8,RM_008_UNSW,,,Test 3/6Hz/vib_000091595_06.mat,1,2.0,,,0.8717948717948718,,0.0,,51200.0,614400.0,6.0,1,1,1,1
46619,8,RM_008_UNSW,,,Test 3/6Hz/vib_000101604_06.mat,1,2.0,,,0.858974358974359,,0.0,,51200.0,614400.0,6.0,1,1,1,1
46620,8,RM_008_UNSW,,,Test 3/6Hz/vib_000111654_06.mat,1,2.0,,,0.8461538461538461,,0.0,,51200.0,614400.0,6.0,1,1,1,1
46621,8,RM_008_UNSW,,,Test 3/6Hz/vib_000121650_06.mat,1,2.0,,,0.8333333333333334,,0.0,,51200.0,614400.0,6.0,1,1,1,1
46622,8,RM_008_UNSW,,,Test 3/6Hz/vib_000124521_06.mat,1,2.0,,,0.8205128205128205,,0.0,,51200.0,614400.0,6.0,1,1,1,1
46623,8,RM_008_UNSW,,,Test 3/6Hz/vib_000132492_06.mat,1,2.0,,,0.8076923076923077,,0.0,,51200.0,614400.0,6.0,1,1,1,1
46624,8,RM_008_UNSW,,,Test 3/6Hz/vib_000142494_06.mat,1,2.0,,,0.7948717948717949,,0.0,,51200.0,614400.0,6.0,1,1,1,1
46625,8,RM_008_UNSW,,,Test 3/6Hz/vib_000152541_06.mat,1,2.0,,,0.782051282051282,,0.0,,51200.0,614400.0,6.0,1,1,1,1
46626,8,RM_008_UNSW,,,Test 3/6Hz/vib_000162502_06.mat,1,2.0,,,0.7692307692307693,,0.0,,51200.0,614400.0,6.0,1,1,1,1
46627,8,RM_008_UNSW,,,Test 3/6Hz/vib_000172498_06.mat,1,2.0,,,0.7564102564102564,,0.0,,51200.0,614400.0,6.0,1,1,1,1
46628,8,RM_008_UNSW,,,Test 3/6Hz/vib_000182497_06.mat,1,2.0,,,0.7435897435897436,,0.0,,51200.0,614400.0,6.0,1,1,1,1
46629,8,RM_008_UNSW,,,Test 3/6Hz/vib_000185341_06.mat,1,2.0,,,0.7307692307692308,,0.0,,51200.0,614400.0,6.0,1,1,1,1
46630,8,RM_008_UNSW,,,Test 3/6Hz/vib_000193339_06.mat,1,2.0,,,0.717948717948718,,0.0,,51200.0,614400.0,6.0,1,1,1,1
46631,8,RM_008_UNSW,,,Test 3/6Hz/vib_000203333_06.mat,1,2.0,,,0.7051282051282051,,0.0,,51200.0,614400.0,6.0,1,1,1,1
46632,8,RM_008_UNSW,,,Test 3/6Hz/vib_000213416_06.mat,1,2.0,,,0.6923076923076923,,0.0,,51200.0,614400.0,6.0,1,1,1,1
46633,8,RM_008_UNSW,,,Test 3/6Hz/vib_000223398_06.mat,1,2.0,,,0.6794871794871795,,0.0,,51200.0,614400.0,6.0,1,1,1,1
46634,8,RM_008_UNSW,,,Test 3/6Hz/vib_000233345_06.mat,1,2.0,,,0.6666666666666667,,0.0,,51200.0,614400.0,6.0,1,1,1,1
46635,8,RM_008_UNSW,,,Test 3/6Hz/vib_000243395_06.mat,1,2.0,,,0.6538461538461539,,0.0,,51200.0,614400.0,6.0,1,1,1,1
46636,8,RM_008_UNSW,,,Test 3/6Hz/vib_000246245_06.mat,1,2.0,,,0.641025641025641,,0.0,,51200.0,614400.0,6.0,1,1,1,1
46637,8,RM_008_UNSW,,,Test 3/6Hz/vib_000254242_06.mat,1,2.0,,,0.6282051282051282,,0.0,,51200.0,614400.0,6.0,1,1,1,1
46638,8,RM_008_UNSW,,,Test 3/6Hz/vib_000264238_06.mat,1,2.0,,,0.6153846153846154,,0.0,,51200.0,614400.0,6.0,1,1,1,1
46639,8,RM_008_UNSW,,,Test 3/6Hz/vib_000274292_06.mat,1,2.0,,,0.6025641025641026,,0.0,,51200.0,614400.0,6.0,1,1,1,1
46640,8,RM_008_UNSW,,,Test 3/6Hz/vib_000284294_06.mat,1,2.0,,,0.5897435897435898,,0.0,,51200.0,614400.0,6.0,1,1,1,1
46641,8,RM_008_UNSW,,,Test 3/6Hz/vib_000294254_06.mat,1,2.0,,,0.5769230769230769,,0.0,,51200.0,614400.0,6.0,1,1,1,1
46642,8,RM_008_UNSW,,,Test 3/6Hz/vib_000304299_06.mat,1,2.0,,,0.5641025641025641,,0.0,,51200.0,614400.0,6.0,1,1,1,1
46643,8,RM_008_UNSW,,,Test 3/6Hz/vib_000307054_06.mat,1,2.0,,,0.5512820512820513,,0.0,,51200.0,614400.0,6.0,1,1,1,1
46644,8,RM_008_UNSW,,,Test 3/6Hz/vib_000315051_06.mat,1,2.0,,,0.5384615384615385,,0.0,,51200.0,614400.0,6.0,1,1,1,1
46645,8,RM_008_UNSW,,,Test 3/6Hz/vib_000325044_06.mat,1,2.0,,,0.5256410256410257,,0.0,,51200.0,614400.0,6.0,1,1,1,1
46646,8,RM_008_UNSW,,,Test 3/6Hz/vib_000335092_06.mat,1,2.0,,,0.5128205128205128,,0.0,,51200.0,614400.0,6.0,1,1,1,1
46647,8,RM_008_UNSW,,,Test 3/6Hz/vib_000337898_06.mat,1,2.0,,,0.5,,0.0,,51200.0,614400.0,6.0,1,1,1,1
46648,8,RM_008_UNSW,,,Test 3/6Hz/vib_000345836_06.mat,1,2.0,,,0.4871794871794872,,0.0,,51200.0,614400.0,6.0,1,1,1,1
46649,8,RM_008_UNSW,,,Test 3/6Hz/vib_000355832_06.mat,1,2.0,,,0.47435897435897434,,0.0,,51200.0,614400.0,6.0,1,1,1,1
46650,8,RM_008_UNSW,,,Test 3/6Hz/vib_000365879_06.mat,1,2.0,,,0.46153846153846156,,0.0,,51200.0,614400.0,6.0,1,1,1,1
46651,8,RM_008_UNSW,,,Test 3/6Hz/vib_000368680_06.mat,1,2.0,,,0.4487179487179488,,0.0,,51200.0,614400.0,6.0,1,1,1,1
46652,8,RM_008_UNSW,,,Test 3/6Hz/vib_000376616_06.mat,1,2.0,,,0.4358974358974359,,0.0,,51200.0,614400.0,6.0,1,1,1,1
46653,8,RM_008_UNSW,,,Test 3/6Hz/vib_000386668_06.mat,1,2.0,,,0.42307692307692313,,0.0,,51200.0,614400.0,6.0,1,1,1,1
46654,8,RM_008_UNSW,,,Test 3/6Hz/vib_000396682_06.mat,1,2.0,,,0.41025641025641024,,0.0,,51200.0,614400.0,6.0,1,1,1,1
46655,8,RM_008_UNSW,,,Test 3/6Hz/vib_000399433_06.mat,1,2.0,,,0.39743589743589747,,0.0,,51200.0,614400.0,6.0,1,1,1,1
46656,8,RM_008_UNSW,,,Test 3/6Hz/vib_000407428_06.mat,1,2.0,,,0.3846153846153846,,0.0,,51200.0,614400.0,6.0,1,1,1,1
46657,8,RM_008_UNSW,,,Test 3/6Hz/vib_000417669_06.mat,1,2.0,,,0.3717948717948718,,0.0,,51200.0,614400.0,6.0,1,1,1,1
46658,8,RM_008_UNSW,,,Test 3/6Hz/vib_000427480_06.mat,1,2.0,,,0.35897435897435903,,0.0,,51200.0,614400.0,6.0,1,1,1,1
46659,8,RM_008_UNSW,,,Test 3/6Hz/vib_000430283_06.mat,1,2.0,,,0.34615384615384615,,0.0,,51200.0,614400.0,6.0,1,1,1,1
46660,8,RM_008_UNSW,,,Test 3/6Hz/vib_000438291_06.mat,1,2.0,,,0.33333333333333337,,0.0,,51200.0,614400.0,6.0,1,1,1,1
46661,8,RM_008_UNSW,,,Test 3/6Hz/vib_000448284_06.mat,1,2.0,,,0.3205128205128205,,0.0,,51200.0,614400.0,6.0,1,1,1,1
46662,8,RM_008_UNSW,,,Test 3/6Hz/vib_000458239_06.mat,1,2.0,,,0.3076923076923077,,0.0,,51200.0,614400.0,6.0,1,1,1,1
46663,8,RM_008_UNSW,,,Test 3/6Hz/vib_000461034_06.mat,1,2.0,,,0.29487179487179493,,0.0,,51200.0,614400.0,6.0,1,1,1,1
46664,8,RM_008_UNSW,,,Test 3/6Hz/vib_000468985_06.mat,1,2.0,,,0.28205128205128205,,0.0,,51200.0,614400.0,6.0,1,1,1,1
46665,8,RM_008_UNSW,,,Test 3/6Hz/vib_000479035_06.mat,1,2.0,,,0.2692307692307693,,0.0,,51200.0,614400.0,6.0,1,1,1,1
46666,8,RM_008_UNSW,,,Test 3/6Hz/vib_000489028_06.mat,1,2.0,,,0.2564102564102564,,0.0,,51200.0,614400.0,6.0,1,1,1,1
46667,8,RM_008_UNSW,,,Test 3/6Hz/vib_000491776_06.mat,1,2.0,,,0.2435897435897436,,0.0,,51200.0,614400.0,6.0,1,1,1,1
46668,8,RM_008_UNSW,,,Test 3/6Hz/vib_000499821_06.mat,1,2.0,,,0.23076923076923084,,0.0,,51200.0,614400.0,6.0,1,1,1,1
46669,8,RM_008_UNSW,,,Test 3/6Hz/vib_000509818_06.mat,1,2.0,,,0.21794871794871795,,0.0,,51200.0,614400.0,6.0,1,1,1,1
46670,8,RM_008_UNSW,,,Test 3/6Hz/vib_000519818_06.mat,1,2.0,,,0.20512820512820518,,0.0,,51200.0,614400.0,6.0,1,1,1,1
46671,8,RM_008_UNSW,,,Test 3/6Hz/vib_000522714_06.mat,1,2.0,,,0.1923076923076923,,0.0,,51200.0,614400.0,6.0,1,1,1,1
46672,8,RM_008_UNSW,,,Test 3/6Hz/vib_000530621_06.mat,1,2.0,,,0.17948717948717952,,0.0,,51200.0,614400.0,6.0,1,1,1,1
46673,8,RM_008_UNSW,,,Test 3/6Hz/vib_000540564_06.mat,1,2.0,,,0.16666666666666674,,0.0,,51200.0,614400.0,6.0,1,1,1,1
46674,8,RM_008_UNSW,,,Test 3/6Hz/vib_000550559_06.mat,1,2.0,,,0.15384615384615385,,0.0,,51200.0,614400.0,6.0,1,1,1,1
46675,8,RM_008_UNSW,,,Test 3/6Hz/vib_000553358_06.mat,1,2.0,,,0.14102564102564108,,0.0,,51200.0,614400.0,6.0,1,1,1,1
46676,8,RM_008_UNSW,,,Test 3/6Hz/vib_000561296_06.mat,1,2.0,,,0.1282051282051282,,0.0,,51200.0,614400.0,6.0,1,1,1,1
46677,8,RM_008_UNSW,,,Test 3/6Hz/vib_000571348_06.mat,1,2.0,,,0.11538461538461542,,0.0,,51200.0,614400.0,6.0,1,1,1,1
46678,8,RM_008_UNSW,,,Test 3/6Hz/vib_000581351_06.mat,1,2.0,,,0.10256410256410264,,0.0,,51200.0,614400.0,6.0,1,1,1,1
46679,8,RM_008_UNSW,,,Test 3/6Hz/vib_000584142_06.mat,1,2.0,,,0.08974358974358976,,0.0,,51200.0,614400.0,6.0,1,1,1,1
46680,8,RM_008_UNSW,,,Test 3/6Hz/vib_000592091_06.mat,1,2.0,,,0.07692307692307698,,0.0,,51200.0,614400.0,6.0,1,1,1,1
46681,8,RM_008_UNSW,,,Test 3/6Hz/vib_000602142_06.mat,1,2.0,,,0.0641025641025641,,0.0,,51200.0,614400.0,6.0,1,1,1,1
46682,8,RM_008_UNSW,,,Test 3/6Hz/vib_000612089_06.mat,1,2.0,,,0.05128205128205132,,0.0,,51200.0,614400.0,6.0,1,1,1,1
46683,8,RM_008_UNSW,,,Test 3/6Hz/vib_000614837_06.mat,1,2.0,,,0.03846153846153855,,0.0,,51200.0,614400.0,6.0,1,1,1,1
46684,8,RM_008_UNSW,,,Test 3/6Hz/vib_000622834_06.mat,1,2.0,,,0.02564102564102566,,0.0,,51200.0,614400.0,6.0,1,1,1,1
46685,8,RM_008_UNSW,,,Test 3/6Hz/vib_000632822_06.mat,1,2.0,,,0.012820512820512886,,0.0,,51200.0,614400.0,6.0,1,1,1,1
46686,8,RM_008_UNSW,,,Test 3/6Hz/vib_000642873_06.mat,1,2.0,,,0.0,,0.0,,51200.0,614400.0,6.0,1,1,1,1
46687,8,RM_008_UNSW,,,Test 3/Multiple speeds/vib_000334307_20.mat,1,2.0,,,1.0,,3.0,,51200.0,614400.0,6.0,1,1,1,1
46688,8,RM_008_UNSW,,,Test 3/Multiple speeds/vib_000334687_15.mat,1,2.0,,,0.9714285714285714,,2.0,,51200.0,614400.0,6.0,1,1,1,1
46689,8,RM_008_UNSW,,,Test 3/Multiple speeds/vib_000334920_12.mat,1,2.0,,,0.9428571428571428,,1.0,,51200.0,614400.0,6.0,1,1,1,1
46690,8,RM_008_UNSW,,,Test 3/Multiple speeds/vib_000335092_06.mat,1,2.0,,,0.9142857142857143,,0.0,,51200.0,614400.0,6.0,1,1,1,1
46691,8,RM_008_UNSW,,,Test 3/Multiple speeds/vib_000395886_20.mat,1,2.0,,,0.8857142857142857,,3.0,,51200.0,614400.0,6.0,1,1,1,1
46692,8,RM_008_UNSW,,,Test 3/Multiple speeds/vib_000396275_15.mat,1,2.0,,,0.8571428571428572,,2.0,,51200.0,614400.0,6.0,1,1,1,1
46693,8,RM_008_UNSW,,,Test 3/Multiple speeds/vib_000396511_12.mat,1,2.0,,,0.8285714285714285,,1.0,,51200.0,614400.0,6.0,1,1,1,1
46694,8,RM_008_UNSW,,,Test 3/Multiple speeds/vib_000396682_06.mat,1,2.0,,,0.8,,0.0,,51200.0,614400.0,6.0,1,1,1,1
46695,8,RM_008_UNSW,,,Test 3/Multiple speeds/vib_000457493_20.mat,1,2.0,,,0.7714285714285715,,3.0,,51200.0,614400.0,6.0,1,1,1,1
46696,8,RM_008_UNSW,,,Test 3/Multiple speeds/vib_000457829_15.mat,1,2.0,,,0.7428571428571429,,2.0,,51200.0,614400.0,6.0,1,1,1,1
46697,8,RM_008_UNSW,,,Test 3/Multiple speeds/vib_000458064_12.mat,1,2.0,,,0.7142857142857143,,1.0,,51200.0,614400.0,6.0,1,1,1,1
46698,8,RM_008_UNSW,,,Test 3/Multiple speeds/vib_000458239_06.mat,1,2.0,,,0.6857142857142857,,0.0,,51200.0,614400.0,6.0,1,1,1,1
46699,8,RM_008_UNSW,,,Test 3/Multiple speeds/vib_000488245_20.mat,1,2.0,,,0.6571428571428571,,3.0,,51200.0,614400.0,6.0,1,1,1,1
46700,8,RM_008_UNSW,,,Test 3/Multiple speeds/vib_000488628_15.mat,1,2.0,,,0.6285714285714286,,2.0,,51200.0,614400.0,6.0,1,1,1,1
46701,8,RM_008_UNSW,,,Test 3/Multiple speeds/vib_000488858_12.mat,1,2.0,,,0.6000000000000001,,1.0,,51200.0,614400.0,6.0,1,1,1,1
46702,8,RM_008_UNSW,,,Test 3/Multiple speeds/vib_000489028_06.mat,1,2.0,,,0.5714285714285714,,0.0,,51200.0,614400.0,6.0,1,1,1,1
46703,8,RM_008_UNSW,,,Test 3/Multiple speeds/vib_000519036_20.mat,1,2.0,,,0.5428571428571429,,3.0,,51200.0,614400.0,6.0,1,1,1,1
46704,8,RM_008_UNSW,,,Test 3/Multiple speeds/vib_000519416_15.mat,1,2.0,,,0.5142857142857142,,2.0,,51200.0,614400.0,6.0,1,1,1,1
46705,8,RM_008_UNSW,,,Test 3/Multiple speeds/vib_000519646_12.mat,1,2.0,,,0.48571428571428577,,1.0,,51200.0,614400.0,6.0,1,1,1,1
46706,8,RM_008_UNSW,,,Test 3/Multiple speeds/vib_000519818_06.mat,1,2.0,,,0.4571428571428572,,0.0,,51200.0,614400.0,6.0,1,1,1,1
46707,8,RM_008_UNSW,,,Test 3/Multiple speeds/vib_000539829_20.mat,1,2.0,,,0.4285714285714286,,3.0,,51200.0,614400.0,6.0,1,1,1,1
46708,8,RM_008_UNSW,,,Test 3/Multiple speeds/vib_000540161_15.mat,1,2.0,,,0.4,,2.0,,51200.0,614400.0,6.0,1,1,1,1
46709,8,RM_008_UNSW,,,Test 3/Multiple speeds/vib_000540393_12.mat,1,2.0,,,0.37142857142857144,,1.0,,51200.0,614400.0,6.0,1,1,1,1
46710,8,RM_008_UNSW,,,Test 3/Multiple speeds/vib_000540564_06.mat,1,2.0,,,0.34285714285714286,,0.0,,51200.0,614400.0,6.0,1,1,1,1
46711,8,RM_008_UNSW,,,Test 3/Multiple speeds/vib_000580565_20.mat,1,2.0,,,0.3142857142857143,,3.0,,51200.0,614400.0,6.0,1,1,1,1
46712,8,RM_008_UNSW,,,Test 3/Multiple speeds/vib_000580945_15.mat,1,2.0,,,0.2857142857142857,,2.0,,51200.0,614400.0,6.0,1,1,1,1
46713,8,RM_008_UNSW,,,Test 3/Multiple speeds/vib_000581178_12.mat,1,2.0,,,0.2571428571428571,,1.0,,51200.0,614400.0,6.0,1,1,1,1
46714,8,RM_008_UNSW,,,Test 3/Multiple speeds/vib_000581351_06.mat,1,2.0,,,0.22857142857142865,,0.0,,51200.0,614400.0,6.0,1,1,1,1
46715,8,RM_008_UNSW,,,Test 3/Multiple speeds/vib_000611354_20.mat,1,2.0,,,0.20000000000000007,,3.0,,51200.0,614400.0,6.0,1,1,1,1
46716,8,RM_008_UNSW,,,Test 3/Multiple speeds/vib_000611685_15.mat,1,2.0,,,0.17142857142857149,,2.0,,51200.0,614400.0,6.0,1,1,1,1
46717,8,RM_008_UNSW,,,Test 3/Multiple speeds/vib_000611914_12.mat,1,2.0,,,0.1428571428571429,,1.0,,51200.0,614400.0,6.0,1,1,1,1
46718,8,RM_008_UNSW,,,Test 3/Multiple speeds/vib_000612089_06.mat,1,2.0,,,0.11428571428571432,,0.0,,51200.0,614400.0,6.0,1,1,1,1
46719,8,RM_008_UNSW,,,Test 3/Multiple speeds/vib_000642096_20.mat,1,2.0,,,0.08571428571428574,,3.0,,51200.0,614400.0,6.0,1,1,1,1
46720,8,RM_008_UNSW,,,Test 3/Multiple speeds/vib_000642473_15.mat,1,2.0,,,0.05714285714285716,,2.0,,51200.0,614400.0,6.0,1,1,1,1
46721,8,RM_008_UNSW,,,Test 3/Multiple speeds/vib_000642702_12.mat,1,2.0,,,0.02857142857142858,,1.0,,51200.0,614400.0,6.0,1,1,1,1
46722,8,RM_008_UNSW,,,Test 3/Multiple speeds/vib_000642873_06.mat,1,2.0,,,0.0,,0.0,,51200.0,614400.0,6.0,1,1,1,1
46723,8,RM_008_UNSW,,,Test 4/6Hz/vib_000002795_06.mat,1,3.0,,,1.0,,0.0,,51200.0,614400.0,6.0,1,1,1,1
46724,8,RM_008_UNSW,,,Test 4/6Hz/vib_000010793_06.mat,1,3.0,,,0.9945945945945946,,0.0,,51200.0,614400.0,6.0,1,1,1,1
46725,8,RM_008_UNSW,,,Test 4/6Hz/vib_000020803_06.mat,1,3.0,,,0.9891891891891892,,0.0,,51200.0,614400.0,6.0,1,1,1,1
46726,8,RM_008_UNSW,,,Test 4/6Hz/vib_000030744_06.mat,1,3.0,,,0.9837837837837837,,0.0,,51200.0,614400.0,6.0,1,1,1,1
46727,8,RM_008_UNSW,,,Test 4/6Hz/vib_000040798_06.mat,1,3.0,,,0.9783783783783784,,0.0,,51200.0,614400.0,6.0,1,1,1,1
46728,8,RM_008_UNSW,,,Test 4/6Hz/vib_000050792_06.mat,1,3.0,,,0.972972972972973,,0.0,,51200.0,614400.0,6.0,1,1,1,1
46729,8,RM_008_UNSW,,,Test 4/6Hz/vib_000060785_06.mat,1,3.0,,,0.9675675675675676,,0.0,,51200.0,614400.0,6.0,1,1,1,1
46730,8,RM_008_UNSW,,,Test 4/6Hz/vib_000070744_06.mat,1,3.0,,,0.9621621621621621,,0.0,,51200.0,614400.0,6.0,1,1,1,1
46731,8,RM_008_UNSW,,,Test 4/6Hz/vib_000080747_06.mat,1,3.0,,,0.9567567567567568,,0.0,,51200.0,614400.0,6.0,1,1,1,1
46732,8,RM_008_UNSW,,,Test 4/6Hz/vib_000090750_06.mat,1,3.0,,,0.9513513513513514,,0.0,,51200.0,614400.0,6.0,1,1,1,1
46733,8,RM_008_UNSW,,,Test 4/6Hz/vib_000100806_06.mat,1,3.0,,,0.9459459459459459,,0.0,,51200.0,614400.0,6.0,1,1,1,1
46734,8,RM_008_UNSW,,,Test 4/6Hz/vib_000110748_06.mat,1,3.0,,,0.9405405405405405,,0.0,,51200.0,614400.0,6.0,1,1,1,1
46735,8,RM_008_UNSW,,,Test 4/6Hz/vib_000120756_06.mat,1,3.0,,,0.9351351351351351,,0.0,,51200.0,614400.0,6.0,1,1,1,1
46736,8,RM_008_UNSW,,,Test 4/6Hz/vib_000123554_06.mat,1,3.0,,,0.9297297297297298,,0.0,,51200.0,614400.0,6.0,1,1,1,1
46737,8,RM_008_UNSW,,,Test 4/6Hz/vib_000131500_06.mat,1,3.0,,,0.9243243243243243,,0.0,,51200.0,614400.0,6.0,1,1,1,1
46738,8,RM_008_UNSW,,,Test 4/6Hz/vib_000141503_06.mat,1,3.0,,,0.9189189189189189,,0.0,,51200.0,614400.0,6.0,1,1,1,1
46739,8,RM_008_UNSW,,,Test 4/6Hz/vib_000151500_06.mat,1,3.0,,,0.9135135135135135,,0.0,,51200.0,614400.0,6.0,1,1,1,1
46740,8,RM_008_UNSW,,,Test 4/6Hz/vib_000161495_06.mat,1,3.0,,,0.9081081081081082,,0.0,,51200.0,614400.0,6.0,1,1,1,1
46741,8,RM_008_UNSW,,,Test 4/6Hz/vib_000171552_06.mat,1,3.0,,,0.9027027027027027,,0.0,,51200.0,614400.0,6.0,1,1,1,1
46742,8,RM_008_UNSW,,,Test 4/6Hz/vib_000181511_06.mat,1,3.0,,,0.8972972972972972,,0.0,,51200.0,614400.0,6.0,1,1,1,1
46743,8,RM_008_UNSW,,,Test 4/6Hz/vib_000191558_06.mat,1,3.0,,,0.8918918918918919,,0.0,,51200.0,614400.0,6.0,1,1,1,1
46744,8,RM_008_UNSW,,,Test 4/6Hz/vib_000201531_06.mat,1,3.0,,,0.8864864864864865,,0.0,,51200.0,614400.0,6.0,1,1,1,1
46745,8,RM_008_UNSW,,,Test 4/6Hz/vib_000211540_06.mat,1,3.0,,,0.8810810810810811,,0.0,,51200.0,614400.0,6.0,1,1,1,1
46746,8,RM_008_UNSW,,,Test 4/6Hz/vib_000221502_06.mat,1,3.0,,,0.8756756756756756,,0.0,,51200.0,614400.0,6.0,1,1,1,1
46747,8,RM_008_UNSW,,,Test 4/6Hz/vib_000231508_06.mat,1,3.0,,,0.8702702702702703,,0.0,,51200.0,614400.0,6.0,1,1,1,1
46748,8,RM_008_UNSW,,,Test 4/6Hz/vib_000241552_06.mat,1,3.0,,,0.8648648648648649,,0.0,,51200.0,614400.0,6.0,1,1,1,1
46749,8,RM_008_UNSW,,,Test 4/6Hz/vib_000244339_06.mat,1,3.0,,,0.8594594594594595,,0.0,,51200.0,614400.0,6.0,1,1,1,1
46750,8,RM_008_UNSW,,,Test 4/6Hz/vib_000252293_06.mat,1,3.0,,,0.854054054054054,,0.0,,51200.0,614400.0,6.0,1,1,1,1
46751,8,RM_008_UNSW,,,Test 4/6Hz/vib_000262349_06.mat,1,3.0,,,0.8486486486486486,,0.0,,51200.0,614400.0,6.0,1,1,1,1
46752,8,RM_008_UNSW,,,Test 4/6Hz/vib_000272296_06.mat,1,3.0,,,0.8432432432432433,,0.0,,51200.0,614400.0,6.0,1,1,1,1
46753,8,RM_008_UNSW,,,Test 4/6Hz/vib_000282338_06.mat,1,3.0,,,0.8378378378378378,,0.0,,51200.0,614400.0,6.0,1,1,1,1
46754,8,RM_008_UNSW,,,Test 4/6Hz/vib_000292342_06.mat,1,3.0,,,0.8324324324324324,,0.0,,51200.0,614400.0,6.0,1,1,1,1
46755,8,RM_008_UNSW,,,Test 4/6Hz/vib_000302307_06.mat,1,3.0,,,0.827027027027027,,0.0,,51200.0,614400.0,6.0,1,1,1,1
46756,8,RM_008_UNSW,,,Test 4/6Hz/vib_000305055_06.mat,1,3.0,,,0.8216216216216217,,0.0,,51200.0,614400.0,6.0,1,1,1,1
46757,8,RM_008_UNSW,,,Test 4/6Hz/vib_000313048_06.mat,1,3.0,,,0.8162162162162162,,0.0,,51200.0,614400.0,6.0,1,1,1,1
46758,8,RM_008_UNSW,,,Test 4/6Hz/vib_000323092_06.mat,1,3.0,,,0.8108108108108107,,0.0,,51200.0,614400.0,6.0,1,1,1,1
46759,8,RM_008_UNSW,,,Test 4/6Hz/vib_000333044_06.mat,1,3.0,,,0.8054054054054054,,0.0,,51200.0,614400.0,6.0,1,1,1,1
46760,8,RM_008_UNSW,,,Test 4/6Hz/vib_000343049_06.mat,1,3.0,,,0.8,,0.0,,51200.0,614400.0,6.0,1,1,1,1
46761,8,RM_008_UNSW,,,Test 4/6Hz/vib_000353135_06.mat,1,3.0,,,0.7945945945945946,,0.0,,51200.0,614400.0,6.0,1,1,1,1
46762,8,RM_008_UNSW,,,Test 4/6Hz/vib_000363110_06.mat,1,3.0,,,0.7891891891891891,,0.0,,51200.0,614400.0,6.0,1,1,1,1
46763,8,RM_008_UNSW,,,Test 4/6Hz/vib_000365863_06.mat,1,3.0,,,0.7837837837837838,,0.0,,51200.0,614400.0,6.0,1,1,1,1
46764,8,RM_008_UNSW,,,Test 4/6Hz/vib_000373855_06.mat,1,3.0,,,0.7783783783783784,,0.0,,51200.0,614400.0,6.0,1,1,1,1
46765,8,RM_008_UNSW,,,Test 4/6Hz/vib_000383904_06.mat,1,3.0,,,0.772972972972973,,0.0,,51200.0,614400.0,6.0,1,1,1,1
46766,8,RM_008_UNSW,,,Test 4/6Hz/vib_000393849_06.mat,1,3.0,,,0.7675675675675675,,0.0,,51200.0,614400.0,6.0,1,1,1,1
46767,8,RM_008_UNSW,,,Test 4/6Hz/vib_000403850_06.mat,1,3.0,,,0.7621621621621621,,0.0,,51200.0,614400.0,6.0,1,1,1,1
46768,8,RM_008_UNSW,,,Test 4/6Hz/vib_000413872_06.mat,1,3.0,,,0.7567567567567568,,0.0,,51200.0,614400.0,6.0,1,1,1,1
46769,8,RM_008_UNSW,,,Test 4/6Hz/vib_000423863_06.mat,1,3.0,,,0.7513513513513513,,0.0,,51200.0,614400.0,6.0,1,1,1,1
46770,8,RM_008_UNSW,,,Test 4/6Hz/vib_000433875_06.mat,1,3.0,,,0.7459459459459459,,0.0,,51200.0,614400.0,6.0,1,1,1,1
46771,8,RM_008_UNSW,,,Test 4/6Hz/vib_000443951_06.mat,1,3.0,,,0.7405405405405405,,0.0,,51200.0,614400.0,6.0,1,1,1,1
46772,8,RM_008_UNSW,,,Test 4/6Hz/vib_000453869_06.mat,1,3.0,,,0.7351351351351352,,0.0,,51200.0,614400.0,6.0,1,1,1,1
46773,8,RM_008_UNSW,,,Test 4/6Hz/vib_000463866_06.mat,1,3.0,,,0.7297297297297297,,0.0,,51200.0,614400.0,6.0,1,1,1,1
46774,8,RM_008_UNSW,,,Test 4/6Hz/vib_000473913_06.mat,1,3.0,,,0.7243243243243243,,0.0,,51200.0,614400.0,6.0,1,1,1,1
46775,8,RM_008_UNSW,,,Test 4/6Hz/vib_000483907_06.mat,1,3.0,,,0.7189189189189189,,0.0,,51200.0,614400.0,6.0,1,1,1,1
46776,8,RM_008_UNSW,,,Test 4/6Hz/vib_000486655_06.mat,1,3.0,,,0.7135135135135136,,0.0,,51200.0,614400.0,6.0,1,1,1,1
46777,8,RM_008_UNSW,,,Test 4/6Hz/vib_000494647_06.mat,1,3.0,,,0.7081081081081081,,0.0,,51200.0,614400.0,6.0,1,1,1,1
46778,8,RM_008_UNSW,,,Test 4/6Hz/vib_000504708_06.mat,1,3.0,,,0.7027027027027026,,0.0,,51200.0,614400.0,6.0,1,1,1,1
46779,8,RM_008_UNSW,,,Test 4/6Hz/vib_000514701_06.mat,1,3.0,,,0.6972972972972973,,0.0,,51200.0,614400.0,6.0,1,1,1,1
46780,8,RM_008_UNSW,,,Test 4/6Hz/vib_000524648_06.mat,1,3.0,,,0.6918918918918919,,0.0,,51200.0,614400.0,6.0,1,1,1,1
46781,8,RM_008_UNSW,,,Test 4/6Hz/vib_000534652_06.mat,1,3.0,,,0.6864864864864865,,0.0,,51200.0,614400.0,6.0,1,1,1,1
46782,8,RM_008_UNSW,,,Test 4/6Hz/vib_000544654_06.mat,1,3.0,,,0.681081081081081,,0.0,,51200.0,614400.0,6.0,1,1,1,1
46783,8,RM_008_UNSW,,,Test 4/6Hz/vib_000554676_06.mat,1,3.0,,,0.6756756756756757,,0.0,,51200.0,614400.0,6.0,1,1,1,1
46784,8,RM_008_UNSW,,,Test 4/6Hz/vib_000564648_06.mat,1,3.0,,,0.6702702702702703,,0.0,,51200.0,614400.0,6.0,1,1,1,1
46785,8,RM_008_UNSW,,,Test 4/6Hz/vib_000574642_06.mat,1,3.0,,,0.6648648648648648,,0.0,,51200.0,614400.0,6.0,1,1,1,1
46786,8,RM_008_UNSW,,,Test 4/6Hz/vib_000584646_06.mat,1,3.0,,,0.6594594594594594,,0.0,,51200.0,614400.0,6.0,1,1,1,1
46787,8,RM_008_UNSW,,,Test 4/6Hz/vib_000594686_06.mat,1,3.0,,,0.654054054054054,,0.0,,51200.0,614400.0,6.0,1,1,1,1
46788,8,RM_008_UNSW,,,Test 4/6Hz/vib_000604713_06.mat,1,3.0,,,0.6486486486486487,,0.0,,51200.0,614400.0,6.0,1,1,1,1
46789,8,RM_008_UNSW,,,Test 4/6Hz/vib_000607459_06.mat,1,3.0,,,0.6432432432432432,,0.0,,51200.0,614400.0,6.0,1,1,1,1
46790,8,RM_008_UNSW,,,Test 4/6Hz/vib_000615503_06.mat,1,3.0,,,0.6378378378378378,,0.0,,51200.0,614400.0,6.0,1,1,1,1
46791,8,RM_008_UNSW,,,Test 4/6Hz/vib_000625459_06.mat,1,3.0,,,0.6324324324324324,,0.0,,51200.0,614400.0,6.0,1,1,1,1
46792,8,RM_008_UNSW,,,Test 4/6Hz/vib_000635515_06.mat,1,3.0,,,0.6270270270270271,,0.0,,51200.0,614400.0,6.0,1,1,1,1
46793,8,RM_008_UNSW,,,Test 4/6Hz/vib_000645551_06.mat,1,3.0,,,0.6216216216216216,,0.0,,51200.0,614400.0,6.0,1,1,1,1
46794,8,RM_008_UNSW,,,Test 4/6Hz/vib_000655465_06.mat,1,3.0,,,0.6162162162162161,,0.0,,51200.0,614400.0,6.0,1,1,1,1
46795,8,RM_008_UNSW,,,Test 4/6Hz/vib_000665514_06.mat,1,3.0,,,0.6108108108108108,,0.0,,51200.0,614400.0,6.0,1,1,1,1
46796,8,RM_008_UNSW,,,Test 4/6Hz/vib_000675528_06.mat,1,3.0,,,0.6054054054054054,,0.0,,51200.0,614400.0,6.0,1,1,1,1
46797,8,RM_008_UNSW,,,Test 4/6Hz/vib_000685471_06.mat,1,3.0,,,0.6,,0.0,,51200.0,614400.0,6.0,1,1,1,1
46798,8,RM_008_UNSW,,,Test 4/6Hz/vib_000695514_06.mat,1,3.0,,,0.5945945945945945,,0.0,,51200.0,614400.0,6.0,1,1,1,1
46799,8,RM_008_UNSW,,,Test 4/6Hz/vib_000705520_06.mat,1,3.0,,,0.5891891891891892,,0.0,,51200.0,614400.0,6.0,1,1,1,1
46800,8,RM_008_UNSW,,,Test 4/6Hz/vib_000715515_06.mat,1,3.0,,,0.5837837837837838,,0.0,,51200.0,614400.0,6.0,1,1,1,1
46801,8,RM_008_UNSW,,,Test 4/6Hz/vib_000725473_06.mat,1,3.0,,,0.5783783783783784,,0.0,,51200.0,614400.0,6.0,1,1,1,1
46802,8,RM_008_UNSW,,,Test 4/6Hz/vib_000728221_06.mat,1,3.0,,,0.5729729729729729,,0.0,,51200.0,614400.0,6.0,1,1,1,1
46803,8,RM_008_UNSW,,,Test 4/6Hz/vib_000736218_06.mat,1,3.0,,,0.5675675675675675,,0.0,,51200.0,614400.0,6.0,1,1,1,1
46804,8,RM_008_UNSW,,,Test 4/6Hz/vib_000746266_06.mat,1,3.0,,,0.5621621621621622,,0.0,,51200.0,614400.0,6.0,1,1,1,1
46805,8,RM_008_UNSW,,,Test 4/6Hz/vib_000756261_06.mat,1,3.0,,,0.5567567567567567,,0.0,,51200.0,614400.0,6.0,1,1,1,1
46806,8,RM_008_UNSW,,,Test 4/6Hz/vib_000766265_06.mat,1,3.0,,,0.5513513513513513,,0.0,,51200.0,614400.0,6.0,1,1,1,1
46807,8,RM_008_UNSW,,,Test 4/6Hz/vib_000776219_06.mat,1,3.0,,,0.5459459459459459,,0.0,,51200.0,614400.0,6.0,1,1,1,1
46808,8,RM_008_UNSW,,,Test 4/6Hz/vib_000786218_06.mat,1,3.0,,,0.5405405405405406,,0.0,,51200.0,614400.0,6.0,1,1,1,1
46809,8,RM_008_UNSW,,,Test 4/6Hz/vib_000796279_06.mat,1,3.0,,,0.5351351351351351,,0.0,,51200.0,614400.0,6.0,1,1,1,1
46810,8,RM_008_UNSW,,,Test 4/6Hz/vib_000806268_06.mat,1,3.0,,,0.5297297297297296,,0.0,,51200.0,614400.0,6.0,1,1,1,1
46811,8,RM_008_UNSW,,,Test 4/6Hz/vib_000816229_06.mat,1,3.0,,,0.5243243243243243,,0.0,,51200.0,614400.0,6.0,1,1,1,1
46812,8,RM_008_UNSW,,,Test 4/6Hz/vib_000826220_06.mat,1,3.0,,,0.518918918918919,,0.0,,51200.0,614400.0,6.0,1,1,1,1
46813,8,RM_008_UNSW,,,Test 4/6Hz/vib_000836268_06.mat,1,3.0,,,0.5135135135135135,,0.0,,51200.0,614400.0,6.0,1,1,1,1
46814,8,RM_008_UNSW,,,Test 4/6Hz/vib_000846250_06.mat,1,3.0,,,0.508108108108108,,0.0,,51200.0,614400.0,6.0,1,1,1,1
46815,8,RM_008_UNSW,,,Test 4/6Hz/vib_000849005_06.mat,1,3.0,,,0.5027027027027027,,0.0,,51200.0,614400.0,6.0,1,1,1,1
46816,8,RM_008_UNSW,,,Test 4/6Hz/vib_000856985_06.mat,1,3.0,,,0.4972972972972973,,0.0,,51200.0,614400.0,6.0,1,1,1,1
46817,8,RM_008_UNSW,,,Test 4/6Hz/vib_000867043_06.mat,1,3.0,,,0.49189189189189186,,0.0,,51200.0,614400.0,6.0,1,1,1,1
46818,8,RM_008_UNSW,,,Test 4/6Hz/vib_000877043_06.mat,1,3.0,,,0.4864864864864864,,0.0,,51200.0,614400.0,6.0,1,1,1,1
46819,8,RM_008_UNSW,,,Test 4/6Hz/vib_000887046_06.mat,1,3.0,,,0.48108108108108105,,0.0,,51200.0,614400.0,6.0,1,1,1,1
46820,8,RM_008_UNSW,,,Test 4/6Hz/vib_000897038_06.mat,1,3.0,,,0.4756756756756757,,0.0,,51200.0,614400.0,6.0,1,1,1,1
46821,8,RM_008_UNSW,,,Test 4/6Hz/vib_000906986_06.mat,1,3.0,,,0.47027027027027024,,0.0,,51200.0,614400.0,6.0,1,1,1,1
46822,8,RM_008_UNSW,,,Test 4/6Hz/vib_000917035_06.mat,1,3.0,,,0.4648648648648648,,0.0,,51200.0,614400.0,6.0,1,1,1,1
46823,8,RM_008_UNSW,,,Test 4/6Hz/vib_000926991_06.mat,1,3.0,,,0.45945945945945943,,0.0,,51200.0,614400.0,6.0,1,1,1,1
46824,8,RM_008_UNSW,,,Test 4/6Hz/vib_000937032_06.mat,1,3.0,,,0.4540540540540541,,0.0,,51200.0,614400.0,6.0,1,1,1,1
46825,8,RM_008_UNSW,,,Test 4/6Hz/vib_000947034_06.mat,1,3.0,,,0.4486486486486486,,0.0,,51200.0,614400.0,6.0,1,1,1,1
46826,8,RM_008_UNSW,,,Test 4/6Hz/vib_000957030_06.mat,1,3.0,,,0.44324324324324316,,0.0,,51200.0,614400.0,6.0,1,1,1,1
46827,8,RM_008_UNSW,,,Test 4/6Hz/vib_000967038_06.mat,1,3.0,,,0.4378378378378378,,0.0,,51200.0,614400.0,6.0,1,1,1,1
46828,8,RM_008_UNSW,,,Test 4/6Hz/vib_000969777_06.mat,1,3.0,,,0.43243243243243246,,0.0,,51200.0,614400.0,6.0,1,1,1,1
46829,8,RM_008_UNSW,,,Test 4/6Hz/vib_000977826_06.mat,1,3.0,,,0.427027027027027,,0.0,,51200.0,614400.0,6.0,1,1,1,1
46830,8,RM_008_UNSW,,,Test 4/6Hz/vib_000987823_06.mat,1,3.0,,,0.42162162162162153,,0.0,,51200.0,614400.0,6.0,1,1,1,1
46831,8,RM_008_UNSW,,,Test 4/6Hz/vib_000997826_06.mat,1,3.0,,,0.4162162162162162,,0.0,,51200.0,614400.0,6.0,1,1,1,1
46832,8,RM_008_UNSW,,,Test 4/6Hz/vib_001007827_06.mat,1,3.0,,,0.41081081081081083,,0.0,,51200.0,614400.0,6.0,1,1,1,1
46833,8,RM_008_UNSW,,,Test 4/6Hz/vib_001017782_06.mat,1,3.0,,,0.4054054054054054,,0.0,,51200.0,614400.0,6.0,1,1,1,1
46834,8,RM_008_UNSW,,,Test 4/6Hz/vib_001027827_06.mat,1,3.0,,,0.3999999999999999,,0.0,,51200.0,614400.0,6.0,1,1,1,1
46835,8,RM_008_UNSW,,,Test 4/6Hz/vib_001037821_06.mat,1,3.0,,,0.39459459459459456,,0.0,,51200.0,614400.0,6.0,1,1,1,1
46836,8,RM_008_UNSW,,,Test 4/6Hz/vib_001047821_06.mat,1,3.0,,,0.3891891891891892,,0.0,,51200.0,614400.0,6.0,1,1,1,1
46837,8,RM_008_UNSW,,,Test 4/6Hz/vib_001057827_06.mat,1,3.0,,,0.38378378378378375,,0.0,,51200.0,614400.0,6.0,1,1,1,1
46838,8,RM_008_UNSW,,,Test 4/6Hz/vib_001067826_06.mat,1,3.0,,,0.3783783783783783,,0.0,,51200.0,614400.0,6.0,1,1,1,1
46839,8,RM_008_UNSW,,,Test 4/6Hz/vib_001077822_06.mat,1,3.0,,,0.37297297297297294,,0.0,,51200.0,614400.0,6.0,1,1,1,1
46840,8,RM_008_UNSW,,,Test 4/6Hz/vib_001087814_06.mat,1,3.0,,,0.3675675675675676,,0.0,,51200.0,614400.0,6.0,1,1,1,1
46841,8,RM_008_UNSW,,,Test 4/6Hz/vib_001090561_06.mat,1,3.0,,,0.3621621621621621,,0.0,,51200.0,614400.0,6.0,1,1,1,1
46842,8,RM_008_UNSW,,,Test 4/6Hz/vib_001098617_06.mat,1,3.0,,,0.35675675675675667,,0.0,,51200.0,614400.0,6.0,1,1,1,1
46843,8,RM_008_UNSW,,,Test 4/6Hz/vib_001108561_06.mat,1,3.0,,,0.3513513513513513,,0.0,,51200.0,614400.0,6.0,1,1,1,1
46844,8,RM_008_UNSW,,,Test 4/6Hz/vib_001118608_06.mat,1,3.0,,,0.34594594594594597,,0.0,,51200.0,614400.0,6.0,1,1,1,1
46845,8,RM_008_UNSW,,,Test 4/6Hz/vib_001128549_06.mat,1,3.0,,,0.3405405405405405,,0.0,,51200.0,614400.0,6.0,1,1,1,1
46846,8,RM_008_UNSW,,,Test 4/6Hz/vib_001138554_06.mat,1,3.0,,,0.33513513513513504,,0.0,,51200.0,614400.0,6.0,1,1,1,1
46847,8,RM_008_UNSW,,,Test 4/6Hz/vib_001148607_06.mat,1,3.0,,,0.3297297297297297,,0.0,,51200.0,614400.0,6.0,1,1,1,1
46848,8,RM_008_UNSW,,,Test 4/6Hz/vib_001158561_06.mat,1,3.0,,,0.32432432432432434,,0.0,,51200.0,614400.0,6.0,1,1,1,1
46849,8,RM_008_UNSW,,,Test 4/6Hz/vib_001168568_06.mat,1,3.0,,,0.3189189189189189,,0.0,,51200.0,614400.0,6.0,1,1,1,1
46850,8,RM_008_UNSW,,,Test 4/6Hz/vib_001178621_06.mat,1,3.0,,,0.3135135135135134,,0.0,,51200.0,614400.0,6.0,1,1,1,1
46851,8,RM_008_UNSW,,,Test 4/6Hz/vib_001188614_06.mat,1,3.0,,,0.30810810810810807,,0.0,,51200.0,614400.0,6.0,1,1,1,1
46852,8,RM_008_UNSW,,,Test 4/6Hz/vib_001198555_06.mat,1,3.0,,,0.3027027027027027,,0.0,,51200.0,614400.0,6.0,1,1,1,1
46853,8,RM_008_UNSW,,,Test 4/6Hz/vib_001208559_06.mat,1,3.0,,,0.29729729729729726,,0.0,,51200.0,614400.0,6.0,1,1,1,1
46854,8,RM_008_UNSW,,,Test 4/6Hz/vib_001218552_06.mat,1,3.0,,,0.2918918918918918,,0.0,,51200.0,614400.0,6.0,1,1,1,1
46855,8,RM_008_UNSW,,,Test 4/6Hz/vib_001228602_06.mat,1,3.0,,,0.28648648648648645,,0.0,,51200.0,614400.0,6.0,1,1,1,1
46856,8,RM_008_UNSW,,,Test 4/6Hz/vib_001238604_06.mat,1,3.0,,,0.2810810810810811,,0.0,,51200.0,614400.0,6.0,1,1,1,1
46857,8,RM_008_UNSW,,,Test 4/6Hz/vib_001248557_06.mat,1,3.0,,,0.27567567567567564,,0.0,,51200.0,614400.0,6.0,1,1,1,1
46858,8,RM_008_UNSW,,,Test 4/6Hz/vib_001258553_06.mat,1,3.0,,,0.2702702702702702,,0.0,,51200.0,614400.0,6.0,1,1,1,1
46859,8,RM_008_UNSW,,,Test 4/6Hz/vib_001268600_06.mat,1,3.0,,,0.2648648648648648,,0.0,,51200.0,614400.0,6.0,1,1,1,1
46860,8,RM_008_UNSW,,,Test 4/6Hz/vib_001278557_06.mat,1,3.0,,,0.2594594594594595,,0.0,,51200.0,614400.0,6.0,1,1,1,1
46861,8,RM_008_UNSW,,,Test 4/6Hz/vib_001288551_06.mat,1,3.0,,,0.254054054054054,,0.0,,51200.0,614400.0,6.0,1,1,1,1
46862,8,RM_008_UNSW,,,Test 4/6Hz/vib_001298600_06.mat,1,3.0,,,0.24864864864864855,,0.0,,51200.0,614400.0,6.0,1,1,1,1
46863,8,RM_008_UNSW,,,Test 4/6Hz/vib_001308602_06.mat,1,3.0,,,0.2432432432432432,,0.0,,51200.0,614400.0,6.0,1,1,1,1
46864,8,RM_008_UNSW,,,Test 4/6Hz/vib_001318605_06.mat,1,3.0,,,0.23783783783783785,,0.0,,51200.0,614400.0,6.0,1,1,1,1
46865,8,RM_008_UNSW,,,Test 4/6Hz/vib_001328599_06.mat,1,3.0,,,0.2324324324324324,,0.0,,51200.0,614400.0,6.0,1,1,1,1
46866,8,RM_008_UNSW,,,Test 4/6Hz/vib_001331344_06.mat,1,3.0,,,0.22702702702702693,,0.0,,51200.0,614400.0,6.0,1,1,1,1
46867,8,RM_008_UNSW,,,Test 4/6Hz/vib_001339345_06.mat,1,3.0,,,0.22162162162162158,,0.0,,51200.0,614400.0,6.0,1,1,1,1
46868,8,RM_008_UNSW,,,Test 4/6Hz/vib_001349348_06.mat,1,3.0,,,0.21621621621621623,,0.0,,51200.0,614400.0,6.0,1,1,1,1
46869,8,RM_008_UNSW,,,Test 4/6Hz/vib_001359382_06.mat,1,3.0,,,0.21081081081081077,,0.0,,51200.0,614400.0,6.0,1,1,1,1
46870,8,RM_008_UNSW,,,Test 4/6Hz/vib_001369334_06.mat,1,3.0,,,0.2054054054054053,,0.0,,51200.0,614400.0,6.0,1,1,1,1
46871,8,RM_008_UNSW,,,Test 4/6Hz/vib_001379341_06.mat,1,3.0,,,0.19999999999999996,,0.0,,51200.0,614400.0,6.0,1,1,1,1
46872,8,RM_008_UNSW,,,Test 4/6Hz/vib_001389340_06.mat,1,3.0,,,0.1945945945945946,,0.0,,51200.0,614400.0,6.0,1,1,1,1
46873,8,RM_008_UNSW,,,Test 4/6Hz/vib_001399338_06.mat,1,3.0,,,0.18918918918918914,,0.0,,51200.0,614400.0,6.0,1,1,1,1
46874,8,RM_008_UNSW,,,Test 4/6Hz/vib_001409383_06.mat,1,3.0,,,0.18378378378378368,,0.0,,51200.0,614400.0,6.0,1,1,1,1
46875,8,RM_008_UNSW,,,Test 4/6Hz/vib_001419337_06.mat,1,3.0,,,0.17837837837837833,,0.0,,51200.0,614400.0,6.0,1,1,1,1
46876,8,RM_008_UNSW,,,Test 4/6Hz/vib_001429387_06.mat,1,3.0,,,0.17297297297297298,,0.0,,51200.0,614400.0,6.0,1,1,1,1
46877,8,RM_008_UNSW,,,Test 4/6Hz/vib_001439336_06.mat,1,3.0,,,0.16756756756756752,,0.0,,51200.0,614400.0,6.0,1,1,1,1
46878,8,RM_008_UNSW,,,Test 4/6Hz/vib_001449337_06.mat,1,3.0,,,0.16216216216216206,,0.0,,51200.0,614400.0,6.0,1,1,1,1
46879,8,RM_008_UNSW,,,Test 4/6Hz/vib_001452126_06.mat,1,3.0,,,0.1567567567567567,,0.0,,51200.0,614400.0,6.0,1,1,1,1
46880,8,RM_008_UNSW,,,Test 4/6Hz/vib_001460130_06.mat,1,3.0,,,0.15135135135135136,,0.0,,51200.0,614400.0,6.0,1,1,1,1
46881,8,RM_008_UNSW,,,Test 4/6Hz/vib_001470125_06.mat,1,3.0,,,0.1459459459459459,,0.0,,51200.0,614400.0,6.0,1,1,1,1
46882,8,RM_008_UNSW,,,Test 4/6Hz/vib_001480120_06.mat,1,3.0,,,0.14054054054054044,,0.0,,51200.0,614400.0,6.0,1,1,1,1
46883,8,RM_008_UNSW,,,Test 4/6Hz/vib_001490122_06.mat,1,3.0,,,0.1351351351351351,,0.0,,51200.0,614400.0,6.0,1,1,1,1
46884,8,RM_008_UNSW,,,Test 4/6Hz/vib_001500076_06.mat,1,3.0,,,0.12972972972972974,,0.0,,51200.0,614400.0,6.0,1,1,1,1
46885,8,RM_008_UNSW,,,Test 4/6Hz/vib_001502832_06.mat,1,3.0,,,0.12432432432432428,,0.0,,51200.0,614400.0,6.0,1,1,1,1
46886,8,RM_008_UNSW,,,Test 4/6Hz/vib_001510860_06.mat,1,3.0,,,0.11891891891891881,,0.0,,51200.0,614400.0,6.0,1,1,1,1
46887,8,RM_008_UNSW,,,Test 4/6Hz/vib_001520856_06.mat,1,3.0,,,0.11351351351351346,,0.0,,51200.0,614400.0,6.0,1,1,1,1
46888,8,RM_008_UNSW,,,Test 4/6Hz/vib_001530814_06.mat,1,3.0,,,0.10810810810810811,,0.0,,51200.0,614400.0,6.0,1,1,1,1
46889,8,RM_008_UNSW,,,Test 4/6Hz/vib_001533556_06.mat,1,3.0,,,0.10270270270270265,,0.0,,51200.0,614400.0,6.0,1,1,1,1
46890,8,RM_008_UNSW,,,Test 4/6Hz/vib_001541602_06.mat,1,3.0,,,0.09729729729729719,,0.0,,51200.0,614400.0,6.0,1,1,1,1
46891,8,RM_008_UNSW,,,Test 4/6Hz/vib_001551549_06.mat,1,3.0,,,0.09189189189189184,,0.0,,51200.0,614400.0,6.0,1,1,1,1
46892,8,RM_008_UNSW,,,Test 4/6Hz/vib_001561552_06.mat,1,3.0,,,0.08648648648648649,,0.0,,51200.0,614400.0,6.0,1,1,1,1
46893,8,RM_008_UNSW,,,Test 4/6Hz/vib_001564302_06.mat,1,3.0,,,0.08108108108108103,,0.0,,51200.0,614400.0,6.0,1,1,1,1
46894,8,RM_008_UNSW,,,Test 4/6Hz/vib_001572291_06.mat,1,3.0,,,0.07567567567567557,,0.0,,51200.0,614400.0,6.0,1,1,1,1
46895,8,RM_008_UNSW,,,Test 4/6Hz/vib_001582338_06.mat,1,3.0,,,0.07027027027027022,,0.0,,51200.0,614400.0,6.0,1,1,1,1
46896,8,RM_008_UNSW,,,Test 4/6Hz/vib_001592336_06.mat,1,3.0,,,0.06486486486486487,,0.0,,51200.0,614400.0,6.0,1,1,1,1
46897,8,RM_008_UNSW,,,Test 4/6Hz/vib_001595079_06.mat,1,3.0,,,0.05945945945945941,,0.0,,51200.0,614400.0,6.0,1,1,1,1
46898,8,RM_008_UNSW,,,Test 4/6Hz/vib_001603072_06.mat,1,3.0,,,0.054054054054053946,,0.0,,51200.0,614400.0,6.0,1,1,1,1
46899,8,RM_008_UNSW,,,Test 4/6Hz/vib_001613120_06.mat,1,3.0,,,0.048648648648648596,,0.0,,51200.0,614400.0,6.0,1,1,1,1
46900,8,RM_008_UNSW,,,Test 4/6Hz/vib_001623118_06.mat,1,3.0,,,0.043243243243243246,,0.0,,51200.0,614400.0,6.0,1,1,1,1
46901,8,RM_008_UNSW,,,Test 4/6Hz/vib_001625867_06.mat,1,3.0,,,0.037837837837837784,,0.0,,51200.0,614400.0,6.0,1,1,1,1
46902,8,RM_008_UNSW,,,Test 4/6Hz/vib_001633911_06.mat,1,3.0,,,0.03243243243243232,,0.0,,51200.0,614400.0,6.0,1,1,1,1
46903,8,RM_008_UNSW,,,Test 4/6Hz/vib_001643857_06.mat,1,3.0,,,0.027027027027026973,,0.0,,51200.0,614400.0,6.0,1,1,1,1
46904,8,RM_008_UNSW,,,Test 4/6Hz/vib_001653867_06.mat,1,3.0,,,0.021621621621621623,,0.0,,51200.0,614400.0,6.0,1,1,1,1
46905,8,RM_008_UNSW,,,Test 4/6Hz/vib_001656613_06.mat,1,3.0,,,0.01621621621621616,,0.0,,51200.0,614400.0,6.0,1,1,1,1
46906,8,RM_008_UNSW,,,Test 4/6Hz/vib_001664605_06.mat,1,3.0,,,0.0108108108108107,,0.0,,51200.0,614400.0,6.0,1,1,1,1
46907,8,RM_008_UNSW,,,Test 4/6Hz/vib_001674651_06.mat,1,3.0,,,0.00540540540540535,,0.0,,51200.0,614400.0,6.0,1,1,1,1
46908,8,RM_008_UNSW,,,Test 4/6Hz/vib_001684652_06.mat,1,3.0,,,0.0,,0.0,,51200.0,614400.0,6.0,1,1,1,1
46909,8,RM_008_UNSW,,,Test 4/Multiple speeds/vib_001499344_20.mat,1,3.0,,,1.0,,3.0,,51200.0,614400.0,6.0,1,1,1,1
46910,8,RM_008_UNSW,,,Test 4/Multiple speeds/vib_001499669_15.mat,1,3.0,,,0.9565217391304348,,2.0,,51200.0,614400.0,6.0,1,1,1,1
46911,8,RM_008_UNSW,,,Test 4/Multiple speeds/vib_001499903_12.mat,1,3.0,,,0.9130434782608696,,1.0,,51200.0,614400.0,6.0,1,1,1,1
46912,8,RM_008_UNSW,,,Test 4/Multiple speeds/vib_001500076_06.mat,1,3.0,,,0.8695652173913043,,0.0,,51200.0,614400.0,6.0,1,1,1,1
46913,8,RM_008_UNSW,,,Test 4/Multiple speeds/vib_001530083_20.mat,1,3.0,,,0.8260869565217391,,3.0,,51200.0,614400.0,6.0,1,1,1,1
46914,8,RM_008_UNSW,,,Test 4/Multiple speeds/vib_001530413_15.mat,1,3.0,,,0.782608695652174,,2.0,,51200.0,614400.0,6.0,1,1,1,1
46915,8,RM_008_UNSW,,,Test 4/Multiple speeds/vib_001530645_12.mat,1,3.0,,,0.7391304347826086,,1.0,,51200.0,614400.0,6.0,1,1,1,1
46916,8,RM_008_UNSW,,,Test 4/Multiple speeds/vib_001530814_06.mat,1,3.0,,,0.6956521739130435,,0.0,,51200.0,614400.0,6.0,1,1,1,1
46917,8,RM_008_UNSW,,,Test 4/Multiple speeds/vib_001560825_20.mat,1,3.0,,,0.6521739130434783,,3.0,,51200.0,614400.0,6.0,1,1,1,1
46918,8,RM_008_UNSW,,,Test 4/Multiple speeds/vib_001561151_15.mat,1,3.0,,,0.6086956521739131,,2.0,,51200.0,614400.0,6.0,1,1,1,1
46919,8,RM_008_UNSW,,,Test 4/Multiple speeds/vib_001561382_12.mat,1,3.0,,,0.5652173913043479,,1.0,,51200.0,614400.0,6.0,1,1,1,1
46920,8,RM_008_UNSW,,,Test 4/Multiple speeds/vib_001561552_06.mat,1,3.0,,,0.5217391304347826,,0.0,,51200.0,614400.0,6.0,1,1,1,1
46921,8,RM_008_UNSW,,,Test 4/Multiple speeds/vib_001591560_20.mat,1,3.0,,,0.4782608695652174,,3.0,,51200.0,614400.0,6.0,1,1,1,1
46922,8,RM_008_UNSW,,,Test 4/Multiple speeds/vib_001591936_15.mat,1,3.0,,,0.4347826086956522,,2.0,,51200.0,614400.0,6.0,1,1,1,1
46923,8,RM_008_UNSW,,,Test 4/Multiple speeds/vib_001592168_12.mat,1,3.0,,,0.3913043478260869,,1.0,,51200.0,614400.0,6.0,1,1,1,1
46924,8,RM_008_UNSW,,,Test 4/Multiple speeds/vib_001592336_06.mat,1,3.0,,,0.34782608695652173,,0.0,,51200.0,614400.0,6.0,1,1,1,1
46925,8,RM_008_UNSW,,,Test 4/Multiple speeds/vib_001653126_20.mat,1,3.0,,,0.30434782608695654,,3.0,,51200.0,614400.0,6.0,1,1,1,1
46926,8,RM_008_UNSW,,,Test 4/Multiple speeds/vib_001653447_15.mat,1,3.0,,,0.26086956521739135,,2.0,,51200.0,614400.0,6.0,1,1,1,1
46927,8,RM_008_UNSW,,,Test 4/Multiple speeds/vib_001653695_12.mat,1,3.0,,,0.21739130434782616,,1.0,,51200.0,614400.0,6.0,1,1,1,1
46928,8,RM_008_UNSW,,,Test 4/Multiple speeds/vib_001653867_06.mat,1,3.0,,,0.17391304347826086,,0.0,,51200.0,614400.0,6.0,1,1,1,1
46929,8,RM_008_UNSW,,,Test 4/Multiple speeds/vib_001673875_20.mat,1,3.0,,,0.13043478260869568,,3.0,,51200.0,614400.0,6.0,1,1,1,1
46930,8,RM_008_UNSW,,,Test 4/Multiple speeds/vib_001674250_15.mat,1,3.0,,,0.08695652173913049,,2.0,,51200.0,614400.0,6.0,1,1,1,1
46931,8,RM_008_UNSW,,,Test 4/Multiple speeds/vib_001674480_12.mat,1,3.0,,,0.04347826086956519,,1.0,,51200.0,614400.0,6.0,1,1,1,1
46932,8,RM_008_UNSW,,,Test 4/Multiple speeds/vib_001674651_06.mat,1,3.0,,,0.0,,0.0,,51200.0,614400.0,6.0,1,1,1,1
