path,file_sha256,bytes,callable_count,callable_ast_sha256,parse_error
src/Pipeline_01_default.py,aea27d15693f2de0793e1ba4aebd80d16736005f5856dba07a995582b0366048,6484,1,8251edb9d1dcb992ea7b1ee48b9b9cd34a41d3f40b8c3fbf8e41ebcf119fef07,
src/Pipeline_02_pretrain_fewshot.py,9decf7507cebe568263349dec09d4aa1f39e0616d0c470fd7bec07de27ef18c8,10169,5,5f10e970e50aa7ddc3677819a9351476b5fa5eb0d82804e6ce111c16bb0b9e8b,
src/Pipeline_03_multitask_pretrain_finetune.py,9b9c78e8d80ce65ffc062ecfec2c11f6eedf2c3ccfeca50bc7895c5edd1604ea,29998,3,a0d2b5af171d7d7a7fdf4b6303d55786a1098ef32e8ae7e220004b43d09f5e4d,
src/Pipeline_04_unified_metric.py,bc485a4fa414b3cfda727d0c8e3c216e861381fa3502b8976aff238c60cf3a66,10012,1,52f6ccfd4a03325bff7ab627d30a9f6f5d76a93428ef974311d31df62cde6d27,
src/Pipeline_05_default_w_explain.py,5770a0626f6d58f3b92e041a153f2a72a7fbff8118a771b1fac1a0c514a2aa9a,11064,1,70ef5df2a2a0f5584959c172415c94e2a3c457caa2ade702b853178b9a74a5c9,
src/Pipeline_06_generative.py,8ff26ed05edfbf5a6d2f8e9fe0f5ac76d1f0e142bdb4589a0b74481f83eedd10,35858,31,757f140ad070c6fe6e67f9bef9cfd923de3c9d52ecc88fa5914f8258a7521c9f,
src/Pipeline_ID.py,80161ae2fe6aa4e2988a8c102263e90622f60d2b9e36f7196d0b6df89f5c27db,240,1,7da4d0efbc20bb5bc5d67488834ee701ddea5b7c8b1c6bcb757f588a6552e6d5,
src/data_factory/H5DataDict.py,84ba0618268fbd396305986817d9b380890a33b25adc5142e730ada917ab3011,3149,1,82a447e64622733aff5c2b42edbb0ed0deb53dabede5d71a14dafb21ff121e75,
src/data_factory/data_factory.py,db14eb4ca31fe893a9bc3430e28512575e3fb61fa35bde7b91938d2c6fc909f3,15582,3,a8aa11992bfea64cd340b7c61c1f2ead28c211612801c746332772d95425cd47,
src/data_factory/dataset_task/CDDG/classification_dataset.py,b7b02ff71359dfa6b7cede0140c6b8d20ce130b3630bb4f5db1f57628b278d6c,228,1,a6db7e86c58d69ca4f65749d1e97054f1a6344455fd79ad96ea598e6881fc368,
src/data_factory/dataset_task/DG/Classification_dataset.py,b7b02ff71359dfa6b7cede0140c6b8d20ce130b3630bb4f5db1f57628b278d6c,228,1,a6db7e86c58d69ca4f65749d1e97054f1a6344455fd79ad96ea598e6881fc368,
src/data_factory/dataset_task/Dataset_cluster.py,94822880328ab5d1bd68b8773a0cbe2f518a8b6a67c1a52d0ed7c1a949dd0445,3513,1,9cd039c834d625f9583dcaf6a82830c1031a4e760ebbfce0adad0572c08dd6a0,
src/data_factory/dataset_task/Default_dataset.py,00fcab8bd408046c8f6952ab362938ce8bd3a510c72b67c0cb1a832c2a6feee5,10369,6,da3054ec71e3100fed12f13452cb54ff5b2f6ef60e125b893e5ef6a7a99ec0fd,
src/data_factory/dataset_task/FS/Classification_dataset.py,a2876cee67da5ee6006ff82b21448642d15d0a78f0f32b673cc3ab628e3d0074,311,1,db935338603a48e4693c97145c5f8d656974ed65c490596014063c6b5e45da04,
src/data_factory/dataset_task/FS/__init__.py,01ba4719c80b6fe911b091a7c05124b64eeece964e09c058ef8f9805daca546b,1,0,4f53cda18c2baa0c0354bb5f9a3ecbe5ed12ab4d8e11ba873c2f11161202b945,
src/data_factory/dataset_task/FS/episode_dataset.py,bc46c0b0b4a2fcb9c843712a9a580e54e24a66012efc11653d2fd628d60a65ec,1842,1,aec48709137bdfb8825f78a49289249925dd06199dc54d5067a09e0c42c9c883,
src/data_factory/dataset_task/GFS/Classification_dataset.py,a2876cee67da5ee6006ff82b21448642d15d0a78f0f32b673cc3ab628e3d0074,311,1,db935338603a48e4693c97145c5f8d656974ed65c490596014063c6b5e45da04,
src/data_factory/dataset_task/GFS/__init__.py,01ba4719c80b6fe911b091a7c05124b64eeece964e09c058ef8f9805daca546b,1,0,4f53cda18c2baa0c0354bb5f9a3ecbe5ed12ab4d8e11ba873c2f11161202b945,
src/data_factory/dataset_task/ID/Classification_dataset.py,ce07173f9006bebc646551b7af0b9403fff52574a7d97ffdfcfcd566059c0d7e,268,1,2e1718c012773533924772799738dbc10594ebab0eea8a8aaf40eebdf00e70a9,
src/data_factory/dataset_task/ID_dataset.py,5ea56bd4b30eed92b677f71ab1ca97aa6e27b571fcf450babce9e7855bbefe84,7313,3,35c53b2f0ffb2b678c1bd40c02bcf1441e99a5bc43e261b0d02d524f93ace3de,
src/data_factory/dataset_task/Pretrain/Classification_dataset.py,b3358fdabd346896d9abda19ec7f948760748b78884345bdc849f552300169c7,332,1,0849779994529ad11f533b6743e2401de94cad808f8f41885155556734c46d61,
src/data_factory/dataset_task/Pretrain/__init__.py,9521fb740ecf64e758dbe585b2b57bccb7a49ae3c7e9ec82fde670e9da1f948e,28,0,4f53cda18c2baa0c0354bb5f9a3ecbe5ed12ab4d8e11ba873c2f11161202b945,
src/data_factory/dataset_task/__init__.py,01ba4719c80b6fe911b091a7c05124b64eeece964e09c058ef8f9805daca546b,1,0,4f53cda18c2baa0c0354bb5f9a3ecbe5ed12ab4d8e11ba873c2f11161202b945,
src/data_factory/reader/Dummy_Data.py,3d92b76fdda633145be3843d41919c004e01a032a28afa5e8903291050769cc6,3496,3,2a3463846744f84ae8d579f26a31147376fce6f59f7d2568826480dfb92cc076,
src/data_factory/reader/RM_001_CWRU.py,11e48d87f4d85566c4a5851157f3e22211a2ca58c29758e8ddbba9e770c8047b,2683,1,86b931be5711fa58d7f8316760330346cb9a06d522b73137cb788b14569a9562,
src/data_factory/reader/RM_002_XJTU.py,74bc54de74989acd49b9937bc7637c80d5280dc50ffdbe9cccdef01f5d5f3c45,392,1,09b93bea6f6dd041b704de7039406de6d0ecc2f712890dda1ac4493081a831b4,
src/data_factory/reader/RM_003_FEMTO.py,f841cb234464eba3e0991aaba785fb43799cab23a1350ea2bf522ed876f40833,1078,1,05224004b16a687fdf1d30295d0ce4639eaf951813256dedc5b6485e5364f203,
src/data_factory/reader/RM_004_IMS.py,5ab2fce1b2ddc6a42e47716269a7650d3eb32a00a9fd3ddcdf521e088262acc8,991,1,d5bedb584d196471534ab942a2b65c1ab9a8e29074daf7991d181e97f6fc00c3,
src/data_factory/reader/RM_005_Ottawa23.py,a3cd19aad4086a554b149d46916f1cc22534f947b19e47a23fe9fc479777a335,1967,1,3089c8d5e69e30323fd2bdf6fc1ef8ef81c52bc43cefe74c1c842cc8f9866ecf,
src/data_factory/reader/RM_006_THU.py,5805e8dd7f4738086ba15f11f99b17549e97cf4f4143aebc62c33da8fae45b12,980,1,5726feb3e2f897cd10f5f4d1425cc671ac3874506c5fce39e141eb42e2eb1243,
src/data_factory/reader/RM_007_MFPT.py,b6d462b413699a2c5536e99823f1fafe3a09e996fed886994b136f4593a22245,980,1,e663e0e214765614d1755adfe87332a2fcb919e0d7fd7e2aed1c4218cfd13c56,
src/data_factory/reader/RM_008_UNSW.py,46f0af6cd2bdf899909e0c91e7aa0b9968204246ae03bf71556f6594de3f1d98,820,1,f7ea428d20c691ebe9b2df1579a724702bb5cfa817a4d8875ed87beec8563487,
src/data_factory/reader/RM_010_SEU.py,10abf15c596c58c4ff0dc4af8592a4ea020cf4691548ad4a9804055cf808f768,1606,1,6a36cd600eee345176fe80c6bfcdf236da87515b57b2fd993673a0099cf242d7,
src/data_factory/reader/RM_011_pump.py,fba8b5aa7110efacb006c5711e5551cfc4c0b5ae5974d2cf741ea34e54d0a6f4,2939,1,3db7b47e5a438817d140cf72bde153e22785230e6d99614199b1fa79324a311e,
src/data_factory/reader/RM_015_susu.py,04972c0299a6297d01d74849dc275efc00a88a0401f506dfa0443382c58ea1bb,779,1,baa1fd8e71a6285d8a515c193e84e31c2c42027615e99b8ce5edfc500737e8a7,
src/data_factory/reader/RM_016_JNU.py,e83374cacfe5078f1bcce6195ef2746fe7c328fd6ee61ace80013c9d63f2d695,795,1,3c73f337a9e6cd0b64993ffa18d9c2d14827abd4e25829687988079b4958d4c1,
src/data_factory/reader/RM_017_Ottawa19.py,f3deca96bbe1f3a1545aa577c04ddc97d60042a7bce57a2853ddb2c41feb87b3,1183,1,76786597224b77a92c6d7fb255137ba2a86db7ed375915a0ecd89a78ee2f96b6,
src/data_factory/reader/RM_018_THU24.py,4b91b28ae03db135b0a18d80131fd7544dd76b2f2dad9fe3d45dbfe120955031,1097,1,b8e292a8be27eedb0b06dae2c9607712c3d2511d14f5660605dfd7c9c2a1767e,
src/data_factory/reader/RM_019_HIT.py,34c5f23992acdb963c87587b50fa1a799d218b46804f60678da3bcdba2886ba2,487,1,0089e368e905c24dcda08644d3d4f6185f4007786c74a1ed37d09e591bb7c296,
src/data_factory/reader/RM_020_DIRG.py,8dd36740debe70cb1a13f13c13715c3faad33112e4905e93f2cb3bb11723d1e8,1253,1,2ceef078ee001b054efa6d497e88de3b7fcddb69395686a290fc24e2786532c4,
src/data_factory/reader/RM_023_HIT23.py,50d9f6aeb0c513b1dec54e42feee9967436c9ef8b9e851936bb10352683c1f65,1645,1,8c23b0d13b53d2c15166fbfeb753d9f87d938faf4001eacfde87b8e302365b80,
src/data_factory/reader/RM_024_JUST.py,567723287cfd51e0e41ecf248d77a138e04917d1dc1631c6fec7a40b4049da97,1139,1,d4605c38bfcbd560a9c9ac745a71ec1317e19afaa249b6cbe6ec740583146e89,
src/data_factory/reader/RM_025_KAIST.py,ed5b17b127504ae76aad4b37befe9aeaaaacdb5ff2c8f8b1b3a1680a538ec0e1,7,0,4f53cda18c2baa0c0354bb5f9a3ecbe5ed12ab4d8e11ba873c2f11161202b945,
src/data_factory/reader/RM_026_HUST23.py,7211b718d5f60410d3588b9255f65427f605fd95414a87a5d9dfc0374382852d,6,0,4f53cda18c2baa0c0354bb5f9a3ecbe5ed12ab4d8e11ba873c2f11161202b945,
src/data_factory/reader/RM_027_PU.py,01a3154456ef1c38b8f8a91760d7970cf724928da312662ad11507f19af16e9d,2137,1,62755804e704e45351d9c51452ccadb64f019b04effd004e81bf2e7a06000b3c,
src/data_factory/reader/RM_031_HUST24.py,354f3c40d376e536e15afde436fcecbabea4e112e6097abe2a0419f6e5316162,2086,1,c78bde38fff4e58378ea8aca1ddd0779412b3e566f369cec6ae353c34e718bd3,
src/data_factory/reader/THU.py,837274d6ccb17347ae2b7caf649a56a4bee3f002bb5a2eef7c1ee86aa4b7b4f2,1222,1,6296e79f5adce9c6f922056165b803940dce6e68aa756d66bf21d88473f20c42,
src/data_factory/reader/THU24.py,e3b0c44298fc1c149afbf4c8996fb92427ae41e4649b934ca495991b7852b855,0,0,4f53cda18c2baa0c0354bb5f9a3ecbe5ed12ab4d8e11ba873c2f11161202b945,
src/data_factory/reader/__init__.py,88dff4bd2c606d3c70a0702abdad83461ced7b972ccdc70171bdc2a162d8b864,45,0,4f53cda18c2baa0c0354bb5f9a3ecbe5ed12ab4d8e11ba873c2f11161202b945,
src/data_factory/reader/utils.py,0e6e21d62a73ae21c1f607c8ed4d7decd7e57b7192c5068fb13c9814b5ee26fc,5396,6,ea444e2bd83ce024d6e3cb434162e63a1f528cebe1a366a9aa2dc1222bbc5e29,
src/data_factory/samplers/FS_sampler.py,3cd3ef1117e60b6923e8c179efe6ed8d55cef553c01590c1d800edcebd108906,22999,2,ae72c35bc3d1ae1dc82a6bd97de45cba980c3ebaa18f641b701e4b6d4eb79d54,
src/data_factory/samplers/Get_sampler.py,9981eb55c3d8bfd4bfd79d1049a37f6abd63be1578702bc3cac88d48df5f91f4,4656,5,71b5e9b760e57418bffe535bebc8fdd215ed6492f5831364e206824af6acc30a,
src/data_factory/samplers/Sampler.py,a36cc04718eaf3609825e62c29759a76a353f2f7434449fef17e525211a722a5,13496,3,600eaad3e322b01105ff136956e4870bf5984eb082aa078c5d588cbc42e199d9,
src/data_factory/samplers/__init__.py,e3b0c44298fc1c149afbf4c8996fb92427ae41e4649b934ca495991b7852b855,0,0,4f53cda18c2baa0c0354bb5f9a3ecbe5ed12ab4d8e11ba873c2f11161202b945,
src/data_factory/samplers/del/ID_selector.py,f74d943887b5e7a2a79d1e52893a554c50723b7c811ab952aaed2e77d204fa42,20247,4,cac8fb4ae3bffef5a46d8708ba1c38fb35565529275b3d53b443cc06defec3fd,
src/data_factory/samplers/del/episodic_sampler.py,1bdedf3ffe99959f33ff7cbc910f912311dd9280173c79414da5dce7768d2cfe,2771,1,0f94302451dea3d87fd5829b713d74f2978500c8ffc3e71fc783dc1102dfaba3,
src/data_factory/samplers/del/id_searcher.py,835f9d13d4028609f706a9a2e3c8a3cc1c96e5625f626019480c457dde526a3d,5008,3,f62eab3f09237b6a612fe3e1eceda689dd467a2005ce2cde8410bc0bffe340ae,
src/model_factory/CNN/AttentionCNN.py,a23fd9348e4d8604bc9ad61825c558b4ddd8507f9e96a433a282dba3e4779ef3,13098,5,c6a0f85cf9e8a0de9f027c334c13895d72defe81b3230f0c99cd7308adb32976,
src/model_factory/CNN/MobileNet1D.py,b6d90465c57c38e6422a445bf7cad32791889daabb952cd3780d614767a54683,11207,3,f9703cac564d8357fb927176e9d6585e17fe8385c7732dc08970a86cc964c890,
src/model_factory/CNN/MultiScaleCNN.py,451290b8af80c8fc1f3a653707829f600f5f609690085129811b464b533a4bfe,11987,3,8927a7b26c82c3d4a4ea81abbb134078ac88e7bf23da3bc8ce56cff9ef137a2e,
src/model_factory/CNN/ResNet1D.py,330dccf002993531a32fd28f24e96e43cbb24f0b82da10df01285fbaf316ac40,12172,3,62298fb25058387435818f845bba122a0f3c8f190d664a645031eefd1d3d4586,
src/model_factory/CNN/TCN.py,dbc112bec6b9ecc2d5ba2542c3beb60ddfecbb6d73ab21afae9b585b404ee9aa,9373,3,7b25c8a3a83b7ab87776ee3e2fe5392658967181fbed57bcfeb15aa9ef803d77,
src/model_factory/CNN/__init__.py,f887b431c14964c157c289cc8ba18297f0900d83eb8ca0e2e4be1389b63fb5ac,340,0,4f53cda18c2baa0c0354bb5f9a3ecbe5ed12ab4d8e11ba873c2f11161202b945,
src/model_factory/ISFM/M_01_ISFM.py,2b7a659319cbe789a8def5130201bf02e5a5c78a1a507b1a20395a8555963c2d,5814,2,68dd780ebe0623e05fa3b8ae274c5e8525ea4b1d7bab526da870771292cc829a,
src/model_factory/ISFM/M_02_ISFM.py,155974ffe5e522321b8fe6a0ee6ab3d25a9400e9a7f923d112145e01b8a0948b,5043,1,3f72a3c43c181387457d97a89b82dafefc3598ec7ec2db248f0cee587330d850,
src/model_factory/ISFM/M_02_ISFM_heterogeneous_batch.py,5804b3f9c19366045d86a1d8d9237c00bb6edf5b6cc30329045edd83244f71b1,3885,1,9e2545a3f5c3f954be05105e77481372492ca1b74484659183e809c024c9970b,
src/model_factory/ISFM/M_03_ISFM.py,cb5c19bc9becb0450103a62d96c0c0bb1fb78fefa094f329ccd611ed98431419,5978,1,ecea82e4b1c9936dd281d6f73865cd8b75b7f45f803af7c61a572e5e5291fcaa,
src/model_factory/ISFM/__init__.py,65ca7444708ba995484e3cd91adecdd99d8b5b91c1bc3c0a08bd5e3eead287ec,1361,2,2e643bbfb64e7904fec10662c8f892dff6f563d6d09c517d4e9d6bfd6f2bc6ae,
src/model_factory/ISFM/backbone/B_01_basic_transformer.py,a2996dc88ff9112f5134d994443199963a390af041fe53e633ea6c17d31ab3a0,991,1,abaadd4e710e05c70407c1c29f479281f222d3937eb9d0c70eed2dbf5a59ed99,
src/model_factory/ISFM/backbone/B_02_basic_other.py,85c21fb4a598cba1a28098f6619018322376f6ff4a983343d1675b03455e7f38,12992,11,6cf7333c2179aed8e7c2a2ef963cade4fde7ff146e3a58da606b9e941418b245,
src/model_factory/ISFM/backbone/B_03_FITS.py,b17a6980f9a03d69730da28d30d1ab9a614075f9e815429772b05047dd24d83a,6180,1,af32fedafb2fb39d5d5768872a5febe4f81a57c7858506b1d794f5542caed2f0,
src/model_factory/ISFM/backbone/B_04_Dlinear.py,dd0b8cb65467aca9797ae2c6df6c94f502fdc8f54dfaf900ab561d7bf7efc705,5180,3,48ec2c7e3a2930e5552fe73f919a3d09473b76dd27be9b9870acc1188e2a88ac,
src/model_factory/ISFM/backbone/B_05_Mamba.py,0a68513fbbf2e086995d63af141d265681ed633aeb46f3186130c13da5d30737,6166,4,6854f28e5e3bc225f185b6693249b37da66f6cd57b0472fbfbfb1bdfdf2b6ae0,
src/model_factory/ISFM/backbone/B_06_TimesNet.py,ff7f0bdcae47b8b77f5e08b4cbcc3e2f8401960ef195c935f8e89c07ede9d2a7,4755,3,a7521f7b9b64796c1ae3c8eeffcea1d25ba4919d3cd7fa67246b71d73c75b909,
src/model_factory/ISFM/backbone/B_07_TSMixer.py,4b8c7875ba16418751f5045a72c754de55588237d3c93343c28b58ff737285c0,1674,2,74e1d2725a191ba848c78f81285159cd0e5de51dc7bd54796098cca8c558d40c,
src/model_factory/ISFM/backbone/B_08_PatchTST.py,125d578cd8cb82dc9d7f8c2ef0f482fd89b06a22ba8bba4b35df048341f4a50c,4296,2,f8fb30e467792add6a43ab9c817a9cb44e944e497b0b6e7a553b12f0066f8f36,
src/model_factory/ISFM/backbone/B_09_FNO.py,8e07eefba79f0215963ff8e75148d51ef8d40b12202efb43c0f02b151c624c80,4630,2,7b6162ed59b53bc508072e584ccc34858c3eaa80593af816ef13150287714738,
src/model_factory/ISFM/backbone/B_10_VIBT.py,0c7d6558a3b606578fa311ef97bc6d40ab48c0a0c27877de4e9c03bc67049186,3007,4,32c8e93e4e42cd9e8e5bebfb126b1002f312c4c8d55b057945174ad5b3c224e4,
src/model_factory/ISFM/backbone/B_11_MomentumEncoder.py,b5b390daf8f4c57ad866efacec089d56da65b8120b47e388b0c44f7e486d7bac,9515,1,a1451a62e623cc76a35065813fe34c214c56326ef063566763d2fe4883e074c8,
src/model_factory/ISFM/backbone/__init__.py,6f4d5a5e4bc5df9fad0fd263874042651b89be9b2da97984fe6a546628294496,1148,2,d907ba8349016f8e0d52d775883b1c9c7e72e1550d3565cacba184fbe3dece16,
src/model_factory/ISFM/component/ContrastiveSSL.py,1f71fd26f11f7e209c86cd84347727d12576e11cbabd664924382a46199d9d1c,13727,4,344657fcec863880a6244e2d28928cd859e4a890bb788f1501070f720255c88b,
src/model_factory/ISFM/component/MaskedAutoencoder.py,729977f6e000e3db1123d0b16195701b69af05e6439c2c6c877b873645c584f4,16849,5,4e8ab48195e8583a6f0f57bfbd6a3df860ba9d785842d154f4db965cfc4df09d,
src/model_factory/ISFM/component/MultiModalFM.py,10f7ee79f4d90b23bec7e6a4ba69b9c359a0334d51d8666a7e8d0a9d4e6dcb2b,15157,4,5568449219f6fd1ff9e552d695edfa788c94f5e82a0b1c2d3e4a5a260a31f1f1,
src/model_factory/ISFM/component/SignalLanguageFM.py,73beb6e14494559c354c9d89236955150bbd0184bee2f79c2c7a62ab78ccbc7f,14774,4,230500b573d79b84d0039340cff87630723c9d3e9d53284fa795ff3178fc4566,
src/model_factory/ISFM/component/TemporalDynamicsSSL.py,3c1fad62da8f6c4de195a15bc36c62858feeec4229ce6dc7026476cf4715aa03,17187,4,bce0abf7358453af30bacb962b4520e6888d88453ee3e6df48807788c46693be,
src/model_factory/ISFM/embedding/E_01_HSE.py,8dcb0b2edf4f93b0734f8a9f5ca908691b5ee084cab0dd16f53c2eb0600c96fd,14198,2,1df8dbb28b6657cd25f3631c1caf12dcdc61ad3149700c4a052ef3096df21846,
src/model_factory/ISFM/embedding/E_01_HTFE.py,1a1f4df4016cc4e8d7eb97304208f6597e84110cc041036ed84fbc0bfe990f61,7343,1,6de1b9ad04836c7b71bb2edaa1baaf733ec58a32a7adeb5f0f869b12d1c2e205,
src/model_factory/ISFM/embedding/E_02_HSE_rec.py,a532ec9a8411f2c021c92c2aabcdc96326d7b4b31a5c9a97b16e863adb28e8b8,12495,5,cacc6d85de89a3c6d97072d7a344e6db7b73be4f716efc238bd184c28e34a6fe,
src/model_factory/ISFM/embedding/E_03_Patch.py,3ae7dcb862d76370eafbb329888708853b3085c80d85577145fc02221436fd01,4456,1,229a1b518207560d95a062aa8aa7decba859b765056d8a7e9234956663eec33c,
src/model_factory/ISFM/embedding/E_com_00_PE.py,fe9a3c9dedabce82f4014168e1bd97691f13c7e2c4d6e012eb38ff0c17be7232,15696,9,65b1794fd25c86b24340fd9a584e3ebb89cdab8b6309663e321cf9db53490d1d,
src/model_factory/ISFM/embedding/__init__.py,d1b01184c239ed7966415b451fc69a9f0c1dc693cdfb25952a6d59fbe460a853,324,0,4f53cda18c2baa0c0354bb5f9a3ecbe5ed12ab4d8e11ba873c2f11161202b945,
src/model_factory/ISFM/embedding/test.py,284cd2c19ddfb26793ca11beb433778d54b0aeebd909890129a400d22bee7720,4199,1,7e45c26a65005a879801a347c1682e1a94bc920fe41f46b04a8507a1208f517f,
src/model_factory/ISFM/layers/AutoCorrelation.py,354b44e54bdd39380c9f5c2bfaaf3b967fdbe80dc7998741dbfdfa5d521a040c,6462,2,cf83717aab309273666f052fa945c0ed4e75c07f26fe0e6b83bc9c1e0547586c,
src/model_factory/ISFM/layers/Autoformer_EncDec.py,48745b4bb647355e9845792a855df9c59fd7df7fcc664c765351fec390c4073e,6831,8,e65fcea8309c267525885c26b7205b7d4fa79f0be7c771f4537b2319a9b1c8a1,
src/model_factory/ISFM/layers/Conv_Blocks.py,16d9f2d9e4fa094dc357901e32beecda9839709bcca02625e6447186933ce4e1,2376,2,104458420e39eb65de9e5b092dead5f59a5b22e76e4c2af5201c5bbbf0367081,
src/model_factory/ISFM/layers/Crossformer_EncDec.py,ee2cc5c8d3a44f4de67ce986e6b442488826a20fa4d8f87991941a75587936a1,4333,5,904919e04275b21ed98e93ad81fb1c935bea3c6eb099b48d3ba7690eff86e4a4,
src/model_factory/ISFM/layers/DWT_Decomposition.py,422af1eec77df1b9dcfdea3d457e545c8575da69da4f505f27ba54db0c9f7764,46759,26,fa5ddf3333b2db3204cf6d2ce8dbe07bae748b0bc8f0e4911aba0271b6af060d,
src/model_factory/ISFM/layers/ETSformer_EncDec.py,4ba2a0b76381602e32341fcc1a6a74ca86d2347905589fb34a74f8e54d7023e3,11433,12,75065b0ad6e6cecacd8269ff475ac20750a24446612451407f31c2b6c990206e,
src/model_factory/ISFM/layers/Embed.py,834a5c56af498b35e9067eddb95551ac2f7050d0d10499da424428a7681c0028,10315,9,786c4411a15c5b3392a1e6316d95d0cc588ae6c2f2fd4297ad36fa0c31b2f478,
src/model_factory/ISFM/layers/FourierCorrelation.py,cea1095b3a94764f240e6ac67280d6ea7fac9f5ef54de137cd1f5e5adab1305f,7523,3,f639c70a4d94ff7b29d13d575b705b7fe1953bb6c1713f8e3ea481493d3fd546,
src/model_factory/ISFM/layers/MultiWaveletCorrelation.py,cf0b8faf45a1b7fab4a3c1c521623c0762e2f9d7375b20ba9a9acd2142747342,23039,9,2be525daf660191f16e8b5842c1ee884cc896dcb9d82a53546c243762bac0969,
src/model_factory/ISFM/layers/Pyraformer_EncDec.py,ab92396677a9ad2e49c7bf171e15c96108d388b8898d29ee520d18dfe0bd5306,7433,8,a4f68564ff10f0a98368d6ba3c7b334cf96e455e91368f23e35eadedf4814194,
src/model_factory/ISFM/layers/SelfAttention_Family.py,7ecc718cf93daa8b87b68e50fce38661167dada3daab36f7af808113c18fb278,12765,8,79d3d61982e3d60d2542a21427fbd299e55779cfc04fd94089a38b981b628a16,
src/model_factory/ISFM/layers/StandardNorm.py,ee4fa391a7238db1a00b0e61bc943d9ac1f86cbf5a91d1fd3e0b7ca634ca406a,2572,1,cac985e28ef3555fb2956a35af274d87c36e43cd8c7e159f5ae614800cbe725c,
src/model_factory/ISFM/layers/Transformer_EncDec.py,7b26f4459735c341f161011f6bc24b9deb8ecc3bcf61e4f15431998272a44fb4,4929,5,86825c03f531eaede76dc6de960ebe00e75d9626b4594526f422cd32040a6df7,
src/model_factory/ISFM/layers/VIB_attnetion.py,1c6527fa9ac299846622af0077505b647f3fc9e6ae7fb53c589dd217f686259e,6014,4,09c51330800a06b773a038d005d42aeb9fabb39b117fae4818c512400decef90,
src/model_factory/ISFM/layers/__init__.py,e3b0c44298fc1c149afbf4c8996fb92427ae41e4649b934ca495991b7852b855,0,0,4f53cda18c2baa0c0354bb5f9a3ecbe5ed12ab4d8e11ba873c2f11161202b945,
src/model_factory/ISFM/layers/utils/ADFtest.py,fcc30ead66778d2f70409740f8d54287fbeb032cd080695879a370722f7a4b26,2490,3,23820336b6711110048336725d207ceba200b16382bc25778f2c9cca00c7d64d,
src/model_factory/ISFM/layers/utils/__init__.py,e3b0c44298fc1c149afbf4c8996fb92427ae41e4649b934ca495991b7852b855,0,0,4f53cda18c2baa0c0354bb5f9a3ecbe5ed12ab4d8e11ba873c2f11161202b945,
src/model_factory/ISFM/layers/utils/augmentation.py,17bac803a96fb6c98d0822052c1edc9f6bc72ae37eec5aa859e9e2918d537b69,19234,17,d179d64d4d20a74a54a7b89822330fd833b84bc2185e7e53fcbeb0b56a56c616,
src/model_factory/ISFM/layers/utils/dtw.py,a12084ab35783e4c09ddfadb54b0253f1fa8a3499abd88c772f93f499bcffa2a,7197,6,04be72086fc171b7fac9c4999b208cf14bf7cf12c2068eed9f4ea55c375efa05,
src/model_factory/ISFM/layers/utils/dtw_metric.py,308c56507b01a945f38796f2f9b4bb104adc213ab574aa2693f93635c9748889,5817,3,73385d453078fdd43622495e5fa35f2c77d6aba8114a9b6b039b5bd0c124f290,
src/model_factory/ISFM/layers/utils/losses.py,d7f924f9abdf9dbbf097b60329a25ad727b163111014954ebf5856370a1aa116,3459,4,e6e074d575ca450ba7acfedaaf305d0d1945e725b287db9d7cec2b10027e0f40,
src/model_factory/ISFM/layers/utils/m4_summary.py,bfc7ba06736c3919b4542b0e68a15280642d80989a7f837132121136e8a4e8a7,6174,5,c15ead98e33091254eff3958ef027ca27ee1a681bb19d98287511541acf4e740,
src/model_factory/ISFM/layers/utils/masking.py,02f453e52cfaec65e34132923add80e7132f188706680fa86d7bd884976e09ef,832,2,bff596c455b900913ab2edad3e7f6dcef5f2e01e76c417a482c8bb8b24677071,
src/model_factory/ISFM/layers/utils/metrics.py,0a565c3f64d7cd29d9a87dee0c22d48f4a6a329476f893458cc18a35fa46a5df,866,8,acbc2a5279290880e7687b9a5ff06c9209c5d48ef063c2c22c12a692d181d859,
src/model_factory/ISFM/layers/utils/print_args.py,423454ec7e2cefe6d24a458903f6080e866efdbe78c0ac2481b2cf32d44c558a,3141,1,9ce8018024a6c4afed32f8cfaa82291ea8760a0258ff230b5fb92a26a4c9795c,
src/model_factory/ISFM/layers/utils/timefeatures.py,319b3da2ef15ccae95162b1b4f4a9a0b0da63fa0062a7f6006a06dd567258d85,4369,11,73e7222aa27f6c2687e17cc9b9337b819856ac6f6cc6dc29bef0e3eb734d338a,
src/model_factory/ISFM/layers/utils/tools.py,0c285086dcf99a429c6edca3ef3f02696295eb7d0e05120a304157e3403e8d91,3693,7,4246a8c557f12bfd8c6f273b29ab10dc6147b2d4186e1872abfdc85db7f55a3e,
src/model_factory/ISFM/system_utils.py,92758c4295a9a0b0bafa31182760c96b319c7d34b6f049b8a15c5d8a467f1992,6291,4,fa5fa89833ad5cab43b05527c6b27a6185ed9966fe7863c68a719ae93574d012,
src/model_factory/ISFM/task_head/H_01_Linear_cla.py,1cfb05a528ca44fdb532bfa32577dc34c637a8af02f0801a7ff787b6669429e6,1633,1,692471c22465fa854da3f98af238c8e52e78d1db48ab633d0bed5b4c414a3d40,
src/model_factory/ISFM/task_head/H_02_Linear_cla_heterogeneous_batch.py,dfed130ddc836524cf2c8170b3b73b996e8b05e3b815ce86c62c280425e3c7df,2232,1,74e8198f04f2f62c405a38002f381642924524bef8abbb9e1fd4299f51ad66e3,
src/model_factory/ISFM/task_head/H_02_distance_cla.py,3bd7061f18701d00b4893a63f2e32c21bca81988b819ce978ece82ac05d8bf1a,6845,2,1c5fb5cbffe316a7b3649cf1d8d981e56424637d2b6028bf6382faa955210d58,
src/model_factory/ISFM/task_head/H_03_Linear_pred.py,0ada52844d99c317d96b59d226b0c5b4b03536e01221c779c0af2e7a66d75d06,3960,1,92ff73a5caaf6db9f75df50ee70acd0ede94f5fec9e0eec4c7107e5ba57ceb43,
src/model_factory/ISFM/task_head/H_04_VIB_pred.py,e77b5b8e76389c90cae2ac7dfa2faf5bde196a6a38dd4015ba9c7afea9431e1e,7763,3,52abd6b70ead07601a9c4377762c35c72d35b96307ae900a1bf226c442206910,
src/model_factory/ISFM/task_head/H_05_RUL_pred.py,9dd8d54809dece273f69ad84518152295b7e4d15ff512bd8b71a3d735d099cc2,5554,1,bba0e39514ed0c008eaf8c26a615bab5f814e6048333c54e897780043bfc14ee,
src/model_factory/ISFM/task_head/H_06_Anomaly_det.py,e04b81d05a7fa94d3478a1c02d622cd56ad0ecd00764c97830e9cbce9b0dffbe,7987,1,4e189645df3d5ef0cbd0fcdf0830e9ef38395d5095f98ac976cefa902cc9d33b,
src/model_factory/ISFM/task_head/H_09_multiple_task.py,4b6bbbf2ac19ec4ffee47898083c4a1234757dcaef9d2060e87b09a562d6b344,3936,1,49b84d360c4ab89f6450a09201f7135b1e9422e516f891bb280aa6a065a974a3,
src/model_factory/ISFM/task_head/H_10_ProjectionHead.py,fd620ad77e222ca5faca5407e67ecd28bc59c3306b2edacc12f145366725c3a3,7481,1,a5a37612da643d4162747e5ce5d0b159f021b573fb34f5352239e9ad59534c2d,
src/model_factory/ISFM/task_head/__init__.py,91bcfedc05e29debe4ed8cc0ab3b8a7b58057f2b25237e7cad843c71f482c3a1,762,0,4f53cda18c2baa0c0354bb5f9a3ecbe5ed12ab4d8e11ba873c2f11161202b945,
src/model_factory/ISFM/task_head/multi_task_head.py,4905c3485064cfca246ee524a63bc74cfec14e78915469d6e43ff1e97680c51e,14212,1,56570804f011e49fb78e2189e3e317bccd4bb581fd8fdc034066d9e1fdadb550,
src/model_factory/ISFM_Prompt/M_02_ISFM_Prompt.py,32cf4c61f37969e969c4685374441d011f2dd8d09cea137935fecaccb0b0cae0,15806,2,e64f7e594ecccf99cb596dd4585cc6c6ec25eab294ac75e9d2a232d80aa50bdf,
src/model_factory/ISFM_Prompt/__init__.py,f8aae6687714423ecdf5c7f39886cd3b6ec2d47b10326e549208a3fbadaa7437,1864,1,eb4211dab045b9b5d2e5ad650c8ac0875d0b43e0dbc068b04a41ca5d1ad7a998,
src/model_factory/ISFM_Prompt/components/MemoryOptimizedFusion.py,f0681eeb56c8c2958c4b98c7df0c02606ca64a12ee33af4bf990397a57594925,28805,2,b8e748a0f8db9663f79b056293c6f24bb337aadae329bf5de1e49a1a22bd8257,
src/model_factory/ISFM_Prompt/components/MixedPrecisionWrapper.py,c3e4270e06361031363872efa7db6986fedc8e5febcb88a51b7551f21e0a037d,30188,4,355b538a0cb20ccef717c73fdd4192983ca088b9288eb580dfc4d2a477822995,
src/model_factory/ISFM_Prompt/components/PromptFusion.py,e174caf4005300ed9551e7029dbbd3438672899726f45081f5471158afb514d1,17532,1,ecb8d28e8b8b6b5f495f43cf825a32ce9f5742b17cddfb33ac1f4eadcd9a2dbf,
src/model_factory/ISFM_Prompt/components/PromptInjector.py,339408a435c4552918e02e6d737e82e6f149db1ba96162b29b42a3d4207835ae,8105,1,d89938ba23f102cf55bd42750e9c796f66a09f57b29400d9c567bdf9f20f4058,
src/model_factory/ISFM_Prompt/components/PromptLibrary.py,567583c9bdff91e225f55a7449c53ce5025a99cf5d325c768d8c79160dacf5c7,12248,3,62cc795a6e30eb07a4fcfbefa228cb25619b69a4edd69173a37a9d73b9828613,
src/model_factory/ISFM_Prompt/components/PromptSelector.py,c298ebf460d5eb127fe1022d00966b5a8ca0aebcd0e4d15b9bdd541e6e347678,7278,2,96cb3e438d01716c905d6b016f93782ecb1875c0804957cd5476ab666c846031,
src/model_factory/ISFM_Prompt/components/SimpleSystemPromptEncoder.py,a33d5346ad35e1b50de51e8faebb42187766332701c006c1bf1a801025beac57,9895,2,b4d30ca778aac7eab0eefddd2ede51d92761917e10d12c8f48bc135ed2ebb886,
src/model_factory/ISFM_Prompt/components/SystemPromptEncoder.py,94d2a4d6fc191bc328f1024c0adf9d9f37098dc7f042a6b4f0a04d381d7fdd81,9138,1,41e7dfca278b1f4aeda1332a4faef7f2faf86fa203ea48caa05e76778bc730e5,
src/model_factory/ISFM_Prompt/components/__init__.py,d9adc75730b9e34f2ac90859b7e0fc85ebc749beb319c3034ec999ec62a42d48,373,0,4f53cda18c2baa0c0354bb5f9a3ecbe5ed12ab4d8e11ba873c2f11161202b945,
src/model_factory/ISFM_Prompt/embedding/E_01_HSE_v2.py,a3e244589e55918b892847819a56e0fd2b7be13aab3d3f66a2ff2152f3a01bd4,18619,1,1d10787d8bfeb5e78de513707c3c5baaa307f6840efc55e789b7d01cebb6044a,
src/model_factory/ISFM_Prompt/embedding/HSE_prompt.py,f0b087fcb613230f0b93a2f52f7056affb7cfcfc8dd8d2d314d2d88d861b82b8,22516,1,efff417253e500a6a4b8300e3b6571910e12b6e3f48b333283021135cd669587,
src/model_factory/ISFM_Prompt/embedding/__init__.py,377f9aa5efa4dae0810091dfbe015ba5a1e7194a4290336628926bc70bf0e3df,1139,0,4f53cda18c2baa0c0354bb5f9a3ecbe5ed12ab4d8e11ba873c2f11161202b945,
src/model_factory/ISFM_Prompt/test_prompt_components.py,825afac8be7a97995e40f22680127935b0aaea55613187f5a8814a8d7bb8c1b9,4155,4,d17343af154eba7c59bfd12d9ad5b02ae9996ad9bd3dba1e4776a7aec517034d,
src/model_factory/ISFM_Prompt/test_simplified.py,e67208463f62858d15523477171721c5798124ce4e68be4814801fa316cd53f6,4935,7,bb8f2459105ad64a239247131ffd0b15bc10a2e3fd606a9238f7af11585a29f2,
src/model_factory/MLP/DenseNetMLP.py,7523c5850a69bb4ae1055e105a254c0265b6fa7a7d77fe951459bb13d35ccdf4,11362,4,77b749ff9f3540c3971eadff4b6488520bcde1ad17c8e591e5f72fcfd477f858,
src/model_factory/MLP/Dlinear.py,b98163b91f3d4035047a9460bbb4cff0b9c244ba011ef2fcca0244a6002a99fe,10480,4,c30e331aefcc6057526a106ebd7a9286c013892362c57d7085a622d5de2f9877,
src/model_factory/MLP/MLPMixer.py,9f0506473b20a728bed34fa89a27b00b9633d02c6371c06247279c7ab8df7cb5,8876,2,4e044de16414d18bd76d40968bd12dca82eb8aa96ebdf196cdc03e19e638c837,
src/model_factory/MLP/ResNetMLP.py,cb998fc85eeed2d1b15b7ebc8d073f01ec482aa2ff28a7fd394b5a6fe6bc5b3c,7922,2,3f1d8cc140955647159708b2115ebf00bc5d6b49e950750a76f18c1cd0df0958,
src/model_factory/MLP/__init__.py,fc5c4be724d0c00a3e5a143128eaa7b84132e60b52dd66ff02cf4b9859b37f8e,316,0,4f53cda18c2baa0c0354bb5f9a3ecbe5ed12ab4d8e11ba873c2f11161202b945,
src/model_factory/MLP/gMLP.py,d7c877b5530b046b02a1b5e9073863328cd68008d3dd02b3f66a5814c38569bc,9845,3,b55bafc6454373fa96d0c49e4d844efffc4c952bba9bfa8684a94415e2481103,
src/model_factory/NO/DeepONet.py,5917111c15e05b4ef6597793304bd13a3eb2efea3991467f80e014facb367e2e,9944,3,38af681bde4e9f857402da18eb116a9c9ee2860abad778cdfcf8c5649d60426f,
src/model_factory/NO/FNO.py,4ea76557d0a1a04bf3ec0d3ecb7084d7105dc8b0e362cf851e5362a182e6af76,6925,2,4e19f0883d809ef0a37c49c6cf3d438bfac271d77909d7fcd3805c11c4afd900,
src/model_factory/NO/GraphNO.py,158aacba1c9d9da60a6682333223d3a324cf87ca3b7519798c28a6fe5f88d698,14629,3,cc0c9a4879e5bfbb4b90ac33cfc27bb7a59523c975e8bb75cfd3c954d698bc35,
src/model_factory/NO/NeuralODE.py,cd252946691df46c92d8229be29b02b26a3a5f8c27f1c757c864b1ac7a4f28f0,10194,3,a6206fa72c341a3567bc95b9ab10ecccccd881563c10b11d9f0c8392b7a85abc,
src/model_factory/NO/WaveletNO.py,d177f1353956d6aa16b70c86103345dab6b2f197c28e1890293d7a7f019a9fce,12318,3,4c24d59aa6de6d1e0efbf8b13a3a078f62d3fc62e0106fd3f763a9458253f5f6,
src/model_factory/NO/__init__.py,b8c214bb2f25fa5bafa51395fc77e35ea6679434558452cc2faac15569f2a055,320,0,4f53cda18c2baa0c0354bb5f9a3ecbe5ed12ab4d8e11ba873c2f11161202b945,
src/model_factory/RNN/AttentionGRU.py,7c012b64b7caf3a41a90b6fb6b4c92d1e6a592be7e218614e132d542e69841a7,11609,3,ca9af7f9dfbc6581c727bb8a955eb03d1be53aee36ee2f0dd90a1e45803c1e0d,
src/model_factory/RNN/AttentionLSTM.py,05ee5cd0fb042108c218629b5436bc0ef752a42637072ac8ecb3b7dc50c601d8,9260,2,d94d3e9dc1cc3fcc78f90ded87bd42a6219e74be68b9f95239dd2c56e5380d24,
src/model_factory/RNN/ConvLSTM.py,f9cd0a730f27382dbf6c54b78078dd60d5cfc97626869efa644eda3bf6a0f370,11201,2,30c5b2ddc57a049e203700eb09245797221b3de74ab34fdf1168eeb3a826c56d,
src/model_factory/RNN/ResidualRNN.py,346f3f69458ecf231794bea3d9e253e298664148a8b577af42aa5ab1e9dc594c,10861,3,dc68d11ef83f78d96b1bc4947fb8fe711b65870a78d9bbd38568c6585a7ebbc5,
src/model_factory/RNN/TransformerRNN.py,7296bb620900f6fa5aa52a72cfc9876a8e23829607892416b81785a3cd24f4a3,11145,3,084f906118c21d62ac0c35a58bd276185af6d6d1c9e2a18e391bfa0851adfee3,
src/model_factory/RNN/__init__.py,a88f33e9aad910635cbe5504d5288702c176363311072f7fa091062440572b21,373,0,4f53cda18c2baa0c0354bb5f9a3ecbe5ed12ab4d8e11ba873c2f11161202b945,
src/model_factory/Transformer/Autoformer.py,67d834dab20d8f7c16473af1cde5fd35d92110fe972a3327e4a2a65e09dd374d,14334,4,2f33b7be33ec6068402e56ac842d32efb5739c0be6100d2f8a614494c520f6bb,
src/model_factory/Transformer/ConvTransformer.py,c3a4c629e625428edf1558eb2271ee28ead77f389a2f15d61e311e20dce0e120,11825,4,91f513af64d06dfef01de3569b396a5e4de8ef4a6619066c5caca6bf62074f49,
src/model_factory/Transformer/Informer.py,1a2794b9a759876588e22b5b8495eb56a2b3a096aa8f3aa8c784fa39ceaf6a10,12492,3,1e0919d59fa7fc39d3416bcd720fd6ce6c69340c5b21db9ce97981928ce9a94f,
src/model_factory/Transformer/Linformer.py,d2bfdf1b2038754d90dbfc533d21c2fbf7d49497af7cda72364a7c88c8f2673c,12689,3,f6e60dcd23b8c4a64c6e15c9df20fca0bcf19f3d809b0294e21393de5452578a,
src/model_factory/Transformer/PatchTST.py,e9f084ebff94d0f546a271f47283b7ba9d53ebb682a390da085e7919ea4f172e,10562,3,f5265922052c51193bc0ea91856eedb95eadb551341286c60dd847521562296b,
src/model_factory/Transformer/Transformer_Dummy.py,1be1b95ccbdcf6c675852f3d791968d216663fa58456d45af131db5302de251c,4308,2,d8843bebbe992927a54fd196e8b321405c5256eed9be824f776c47af2c534007,
src/model_factory/Transformer/__init__.py,b6255b76580ab5d8caec4c0163c0f96c01dd7976692e20407fa1ab58a6b993db,438,0,4f53cda18c2baa0c0354bb5f9a3ecbe5ed12ab4d8e11ba873c2f11161202b945,
src/model_factory/X_model/BASE_ExplainableCNN.py,ccc62fab8eacd251245eafe49d632546d7632679e82fec922fe8d15ffeec2b19,166,0,4f53cda18c2baa0c0354bb5f9a3ecbe5ed12ab4d8e11ba873c2f11161202b945,
src/model_factory/X_model/Feature_extract.py,e84657b6707ef3d9ed5797e7d83cd119ad0d8a755a723277c4bd563ef63164e7,7141,17,1a4dec79022f6c56598f0f3485cec3a43cd914e06815669376838a61171645ce,
src/model_factory/X_model/MWA_CNN.py,ca7f31f98f0a4c2ccf8bf8e2f16e2460b27c60db77372ea5f5f3df5c9d40ee36,4262,3,382354ac26f593191c400297aa4fe5fdac2c2f960cd50730ae224ff163949c54,
src/model_factory/X_model/Signal_processing.py,971ca216536f50bb9e163b3e41e1db5558fb9b4ef428abfce145199af7aa8759,19747,25,de6bdf6ab714269cdc214a8f0e9510694635f5710492ba3e2352a3f737536eb4,
src/model_factory/X_model/TSPN.py,282e18541eb541b1566df45bf0d086c2ecf08732c926933901ffcabaf4570050,11243,6,0bfee2c1c256a5be5f01072a8122b6982bb1ead3aad77a2d3a9510d59a6dc80d,
src/model_factory/X_model/TSPN_UXFD.py,3a96294b8ca27fa44ddf437476cbe710407232e44f2970953f03f2a39501e779,10884,8,1014a3405e9253627c37175d3a0f7814d138b8bc103914c8e0bfb9e361716d7e,
src/model_factory/X_model/UXFD/__init__.py,074f6ca2ce376aa56fd0e7d6e9b10489d55f4e639ce54196ed122bd3f86ea60a,91,0,4f53cda18c2baa0c0354bb5f9a3ecbe5ed12ab4d8e11ba873c2f11161202b945,
src/model_factory/X_model/UXFD/fusion/__init__.py,0196259b1dd2190be433b4a991d063846552c06321463e42ac594b3005323afb,141,0,4f53cda18c2baa0c0354bb5f9a3ecbe5ed12ab4d8e11ba873c2f11161202b945,
src/model_factory/X_model/UXFD/fusion/simple_fusion.py,ca20f004482ce6a075ebf31893890e136f23cde8347e18e25a2c63c2f0f1fd0c,1383,5,b7ebc8bd635270a32a69b0529d6715a896f153a25650ca7e133ba5e7886171e3,
src/model_factory/X_model/UXFD/fuzzy/__init__.py,b802b2cd4452ebead9e2ad71e3202499a0c5de136e0228f61bfe1b78a58e4ff3,147,0,4f53cda18c2baa0c0354bb5f9a3ecbe5ed12ab4d8e11ba873c2f11161202b945,
src/model_factory/X_model/UXFD/fuzzy/fuzzy_reasoner.py,137ecb28dcb32d972d4d3e1b48cfbfe801c6ad8737df564e578dcf9cf91cd7e6,2509,2,2b44c5ed4a7c909abf66c3147f67b0ab7c421c2358bc712dee4e851b8fdb3c7d,
src/model_factory/X_model/UXFD/neurosymbolic/__init__.py,2dc3c1bf228cb32f4fde4ab354ec55f5a28e1efcf03799aa86afe291a0464bfa,169,0,4f53cda18c2baa0c0354bb5f9a3ecbe5ed12ab4d8e11ba873c2f11161202b945,
src/model_factory/X_model/UXFD/neurosymbolic/logic_reasoner.py,a5c31acb8481c6c795584fdfb98a4534e19d880b521178ad2eb8ceef720645e6,1263,2,9b3f9cdd8932aef16ec18445d872f08ce38538c44c350d27f345e35e8d12ecee,
src/model_factory/X_model/UXFD/operator_attention/__init__.py,88c830880b8538a67ceaa1849da98e6d838108f1b2f60f8f7af476319974c539,198,0,4f53cda18c2baa0c0354bb5f9a3ecbe5ed12ab4d8e11ba873c2f11161202b945,
src/model_factory/X_model/UXFD/operator_attention/operator_attention_1d.py,2b364c5c2a3e7a890f5abcf33000f835682812001c21a5623b58e73624913da4,3213,5,76f7e8773a2db3d6dcad8595c0e00ade1bb810119065158cb50f49303e0bcbbd,
src/model_factory/X_model/UXFD/signal_processing_1d/__init__.py,49048d1c68505b5ccd99f28b09366fe7ade25017b31b2110b5065a73eb5b89a4,268,0,4f53cda18c2baa0c0354bb5f9a3ecbe5ed12ab4d8e11ba873c2f11161202b945,
src/model_factory/X_model/UXFD/signal_processing_2d/__init__.py,de55ca84f99aa6d73ef3cd6879eb35b4d985484ee9551e774ca5071c9ad63279,124,0,4f53cda18c2baa0c0354bb5f9a3ecbe5ed12ab4d8e11ba873c2f11161202b945,
src/model_factory/X_model/UXFD/signal_processing_2d/stft_tfr.py,a20fda912b31fe901ab0b24f4b575b0543b2bd705923cd71bcff085f2c7329ea,2090,2,9a26c4cc93989780bf43e00eb45e8e0445080b2afe12bdda3b2b21afd85e5abb,
src/model_factory/X_model/UXFD/tspn/__init__.py,9caf9d0bd04f977501d53953429d34f18bed2b19ec8f24a08e5cb0f31084e241,53,0,4f53cda18c2baa0c0354bb5f9a3ecbe5ed12ab4d8e11ba873c2f11161202b945,
src/model_factory/X_model/__init__.py,73acc935c61806422e1545ca22eee65a597df3c5fee07f64dbc680c718e5730c,53,0,4f53cda18c2baa0c0354bb5f9a3ecbe5ed12ab4d8e11ba873c2f11161202b945,
src/model_factory/X_model/baselines/ExplainableCNN.py,ff5e0534997bc74064102f3dfb7e3a61fa078e1dd111bdb97517b86692991122,1723,1,ecf608b9fead67db36abdb6df6a1b5d09913795ca2fb85bbd0235e052bab75b1,
src/model_factory/X_model/baselines/__init__.py,1e19e26c5de5aef4f96e7cf3308f202b38b8209ba3fce06f5dc34d80daae176b,59,0,4f53cda18c2baa0c0354bb5f9a3ecbe5ed12ab4d8e11ba873c2f11161202b945,
src/model_factory/__init__.py,6386c62e61895ecc7e1cdbc604f54bef7de510c733b164603f3257bbbe0d6788,648,1,638fdbcd4cce5c266f43601d58d7aaadde321c328fa6e48de0a887b0c32262e8,
src/model_factory/generative_model/__init__.py,6f46be0c5f2ce137941df0930810d78b452297a1836ddbe990ec51d9a6d236c7,298,0,4f53cda18c2baa0c0354bb5f9a3ecbe5ed12ab4d8e11ba873c2f11161202b945,
src/model_factory/generative_model/condition_encoder.py,bd99f553c2870c83c34c561dcaa9ffa80999f54f2766d75f726601540aeacf46,5296,4,97d829d952dd65f518f770f43286fe406c33d3577c89bcc7b34471dafb5b4116,
src/model_factory/generative_model/film.py,f9a0b250ac8ae7597082966068ef348a611ad5627cc439440885efc23a620e20,1972,1,65b0b7866f74d885ae3321b54812c588d2c72288043f66d947a398fd53b7864a,
src/model_factory/generative_model/phm_cfm_mlp1d.py,a2430532d7db68177d5b3f3114bea675ee46f5a135621e414594971897b2dd8f,3792,1,63b27ac6f3862a8091a66b6881efcabe2bbec0afbb8b1d70ea52fe12084a9b1d,
src/model_factory/model_factory.py,87106101e2665f9d0149614ad75718cbb1cf3055ce80df03a56f81f8ccc98605,3202,3,4f73f26f5f87e4194b059bcb582ee6419aedec530cb98cba0c36a8595affd6af,
src/task_factory/Components/DG_loss.py,e3b0c44298fc1c149afbf4c8996fb92427ae41e4649b934ca495991b7852b855,0,0,4f53cda18c2baa0c0354bb5f9a3ecbe5ed12ab4d8e11ba873c2f11161202b945,
src/task_factory/Components/contrastive_losses.py,07619312af66bf3748be35034c42e038ff239163786ec113bb4ba9597caeaa6f,26424,6,22f76c72ddbdfbe107515d18de165bbc63747e0973c5e813963f41c596868b24,
src/task_factory/Components/contrastive_strategies.py,712fc76df3fd8dc940956157f87132c31bf884ec43001c9d41b4d6e5f703d4ee,47467,8,e7ba5b1d22d8c0764b5d8f62c9f5f5fdd415c38a3f6b3df7ec9374604c8b73e3,
src/task_factory/Components/flow.py,5603cb618f886515f4965a3d47d0610496da9b8985d8dc1c0bbc9385985f78bb,15073,6,8dfc853a07b2b3dd03a42aca5a5af367887dde50732b812e22dea8447eed500c,
src/task_factory/Components/generative/__init__.py,061669dfe4a31490b280fe21df80858c4848bad763f0aa49fba0bff1097999ea,725,0,4f53cda18c2baa0c0354bb5f9a3ecbe5ed12ab4d8e11ba873c2f11161202b945,
src/task_factory/Components/generative/euler_ode.py,486cb04b6f56ee896df088d527ce4e98cc75ad223ad328357fad049b7746ef1c,4467,2,cec8396393911660c997390cadfa4a5026215f1a775fad6987e6334a4ec948b7,
src/task_factory/Components/generative/flow_matching.py,d1bc4f0fff272900886713a1709a9dc1178383f821dc2aef2e21d105477808a7,3839,2,20a07a1af6da7e78896d9cc56384452c4f6ecb77fbfa1af34f863bbeb9beeed8,
src/task_factory/Components/generative/manifests.py,10f5d090353779bc286a4cbeb36f0c3b578896656312eea375a58cd08303cd5e,8590,3,f6aad0c67f6538bbf1e0610e7c29838acbb923ff273688d6ceddd2b5fdec37ae,
src/task_factory/Components/generative/metrics.py,6b5727bf5bf4fe7e3c33f9ddaada103cd78a4f39246a2e0be4e905632f5ee54b,11275,12,aca46eca7a4877e318b54f0876caa8c963296047afa4f89b8f765f59e4cebb74,
src/task_factory/Components/generative/normalization.py,616d501bbaf9bf8e6a7bc4d5a5591d85903f42b377b9c8ba30b1855311452269,4027,3,423c98e236d46ae416b07ac81d251dc0f4af709673ed640215960132ff5c5ecf,
src/task_factory/Components/loss.py,8b93988a82b1fdb676e039ad7af4baff261a18b08179f1e6c2e023f723ab6c6c,4614,1,e4d877831f0e106b213a58c0b1f438b6873e35fccad8f61cb791f05a429593bb,
src/task_factory/Components/mean_flow_loss.py,95bfdfb4a89501a5dda32c11d33e8d367c72c57d78e37058038ad8136f1f615c,7770,4,90bfc2aff2799971b555b93fe10f9c33f3d9a5d42f3ee5ae43bb4bb1fa857588,
src/task_factory/Components/metric_loss.py,f5ea15ed170929075b1e68b1f6747dc7b0d189dbb301d3ab00803997c430cf1f,10189,4,c8cd0ca47b16236eb012aacd7dcc65fb2eb5ef9fde5a2de767f10162e0b0d915,
src/task_factory/Components/metric_loss_cross_domain.py,a72af47b74f79c8e3363f28d6469b90d421250785b749bfa90a3729a51f5c14c,10508,5,5dd43707aa8689711dcba6b4f9260fd1398229037f54933f6ac59506275674ea,
src/task_factory/Components/metric_loss_cross_domainv2.py,00ab9b195436323b1216795fa6f011024be81abf3d8b1cd8ac28cd39b3e435cf,13033,5,4c9b2cbb0a1ed9c0f80c1c1822ee07aaf3a1f052b38a35b6d0bc3323d01a81e1,
src/task_factory/Components/metrics.py,d7989c9f992f01fc6f8fd62d83606c705a60199ced0d85ab026bf9427e25b2e9,2770,1,e0005c261295853546380770716f226fb545eff6724b3c384405ff6950617c45,
src/task_factory/Components/metrics_markdown_reporter.py,ac84a5df3a283f0842f0d8304ad77a819c4ecfa42c087b8ffbb08b2c96bac032,21909,1,215aeaf42b8ce5b31922de15a18482274da77de56f77270786d2605ff08b9b15,
src/task_factory/Components/prediction_loss.py,24ecce7b2d275e52ba5b136fc521e2ff342ad76aa9c06ff76946ff0e3f7a894c,4684,1,5734462399899ea8e6c2ac91a55c445c6ddec1dd67ed59e4a511e387aeac4fd6,
src/task_factory/Components/pretrain_loss.py,9547271d98c01ea9f91995c5f8b6ce844a79ffc290b10b77933e4077dd8824fb,5022,2,0ed4bf3d2165f4565503250e0d59face7e7dba96583754c487b50604712b5e3d,
src/task_factory/Components/prompt_contrastive.py,9389d0a0c5fb492cb6f42e8175315011e36c87b0b4747e76ed2e22ebb795820d,20545,1,fce4375e60fc473593fd22f73783e10d496d2bafe756052cdfde77f986a3b958,
src/task_factory/Components/regularization.py,22a01fb86ae3c0a4fd36ad7e9dc99baf19fc7136986a0bb797fe1def2382f622,2479,1,2ba0d47c5da4a6219fe67925c172fd3c089b012dccdebe5d1cc5ab3a07764057,
src/task_factory/Components/system_metrics_tracker.py,bc23647f72822bda02abe25e4d4dd250da95510fd01deafceba4480d40f9a5ff,5949,1,ecd05bcc3b3006c3798093cddac2b9a72caf8032a42422391406aa50d885e656,
src/task_factory/Default_task.py,a24d73824bc687675b4c110e3bae80f9a361075198eea6b5f5a87fe1676331fc,13211,1,ab5564d8fdd64a4a285309fa10255f287a32dc1753f8aacdf157eb5a30bf72a7,
src/task_factory/__init__.py,6e9ec0f3546ac23ec854b1f83fd8e4f06f3942a74476eb9eebd36ac6bebff2c7,1473,1,a4ae586279150d8191a30f394b8428c57c17c33741979dd2a2527d13ed1c611d,
src/task_factory/task/CDDG/classification.py,f289137b242c90b3aea1cbf5cc98690c38db593abe9023739834425a799f2a8d,742,1,616e0f6443507d03e06c013855b5dcb85c75060994728ed6d4d43a89d561eae2,
src/task_factory/task/DG/classification.py,f289137b242c90b3aea1cbf5cc98690c38db593abe9023739834425a799f2a8d,742,1,616e0f6443507d03e06c013855b5dcb85c75060994728ed6d4d43a89d561eae2,
src/task_factory/task/FS/FS.py,e8ee77431a7ed43b73055f31f0d792150464e32a64d5514942beed472709dfb3,1636,1,c229ba9e4e65950da751c401de5914645493cfe48ffab60bf1a41bc78c5f750c,
src/task_factory/task/FS/__init__.py,1af85d494877e7307e65b0156a40c470fe5d375189dd6c85f1440e37db783b0b,490,0,4f53cda18c2baa0c0354bb5f9a3ecbe5ed12ab4d8e11ba873c2f11161202b945,
src/task_factory/task/FS/classification.py,f289137b242c90b3aea1cbf5cc98690c38db593abe9023739834425a799f2a8d,742,1,616e0f6443507d03e06c013855b5dcb85c75060994728ed6d4d43a89d561eae2,
src/task_factory/task/FS/finetuning.py,79bdb7a3fa49c06e7672e23f39ba33cad6761a5fab32755f38807c6306c86448,7230,1,9e75a46cfe1c48cbd7ee6908212b2978004c2878734c4b9312b09c3ed5167959,
src/task_factory/task/FS/knn_feature.py,258afa4d5a7b8aa64263e7c86761383f1dc8d51ed973e464b190ed7cc0bceec9,3934,1,e3988deed145f49e1b518db9b75d001278c6addd4a16648d4d8dec5edd467b7d,
src/task_factory/task/FS/matching_network.py,e910c33ba316b538c566ca727faad3dcaa69bf70c7984a66d00e3238aadd50bc,4485,1,652816431bb1b8be49b08ca835051fbbd00c47e2343485977bec5d7c43a300b7,
src/task_factory/task/FS/prototypical_network.py,a7827dad45161eb26c5381137f35b2214de37b5872c327f744849fb46ef5d3fd,5832,1,039621bbdbf7abc5d4c9953af27a899f630556fc339c9cddc11cb5c1ff3b94f8,
src/task_factory/task/FS/utils.py,e70983c2bd10cd51ff46474dd9d4bf7ad524b3ef66a4d0986d984b37f2c2cbfa,987,1,8e81864790093a6e1500a6dc812b54bca660aee4f0932a1a4b5388e044760f59,
src/task_factory/task/GFS/classification.py,f289137b242c90b3aea1cbf5cc98690c38db593abe9023739834425a799f2a8d,742,1,616e0f6443507d03e06c013855b5dcb85c75060994728ed6d4d43a89d561eae2,
src/task_factory/task/GFS/matching.py,6e813972204863ef26b8b02aae1b2c496a669f07341b367b2c63f86f51705218,3952,1,6e155e663845c2a1d1224d9dc3fb14f8f25250528419a0af9c31bd82d7894cdf,
src/task_factory/task/ID/ID_task.py,f69b9392c621889ac68ab44ac1b65bd00317dc132f1140df9818f234447c9c0f,24023,3,5327e193e82052ce6bb04e366fa559f7a92a5c9cf9daee5b63312e8b1c54e1dd,
src/task_factory/task/In_distribution/__init__.py,9dbdff05234f491bb2cb9b4796375829d36710498ce2fef6c9f5511a3deb5986,30,0,4f53cda18c2baa0c0354bb5f9a3ecbe5ed12ab4d8e11ba873c2f11161202b945,
src/task_factory/task/In_distribution/multi_task_phm.py,3872dac58ad6f343b0d6586d06bc0f363e43cf89667b27bbeae2f3d50fa8f1d7,42193,1,cd81244abc1d348291f5895b9d037a41401aa3f1fd1f2d9548e65ddd9085f06c,
src/task_factory/task/MT/multi_task_lightning.py,a755962171ba261e0a6e08ba68175e5eedb32e5dfa43550556e0341eb4c52eed,21467,1,07b2fdcb16c8fe13d5a3139fe817fdc6c64d667f2186b7e451d8a4739db57b7a,
src/task_factory/task/generative/__init__.py,97db829607c6505180ada1cd84679126302216a3e63b36c293129384a14005f2,91,0,4f53cda18c2baa0c0354bb5f9a3ecbe5ed12ab4d8e11ba873c2f11161202b945,
src/task_factory/task/generative/conditional_flow_matching.py,56bd0773fa0808eef9f0a02f9a1046c5d03270f1633f5d461874f7c5ae5f9092,9710,2,7e646187a402fdf4a0671194aa8b04c01c37cf3193625665c179ae086658d83f,
src/task_factory/task/pretrain/__init__.py,dea40c3b843f9b045a04ad30f1ab349b97212a320b0eb0fa1307820aff8f307b,418,0,4f53cda18c2baa0c0354bb5f9a3ecbe5ed12ab4d8e11ba873c2f11161202b945,
src/task_factory/task/pretrain/classification.py,37c8a09b1fcff21b1fd480d3fc2a906107a1cc9ae55e8ff47595838834560885,485,1,c8fffe7aedc3bbedcbbd7cf7edcb879a0206cbec0f67787d8455fafe790c9744,
src/task_factory/task/pretrain/classification_prediction.py,0b379625d7e81adbe110515ab24c4a1a1813cdc2cd76710a95765ac879662842,3901,1,0613b8f684e11bb269f638d42964c9b239a1287cd5d3e4d399782f8106f89eb2,
src/task_factory/task/pretrain/hse_contrastive.py,259428f1cb376f5258e08d597bed4e824b819da1a9e1cbd21ef9d2f9014f9f1f,20839,1,630edc904c1053ef08297a9d163987f0a1ff8dc1f76fed0c8247fc1a1d89f479,
src/task_factory/task/pretrain/masked_reconstruction.py,b41ca0eba5fe80c11b1f876bef6650191bae6e9662e0b7c30557677431aa00c0,10118,1,e6858b9eb5e7a72cb613336decdd700cf5b2492ac7201d4e147607b15ce4500f,
src/task_factory/task/pretrain/prediction.py,766be55b81194fcb8a5909030e3dcdfc935a9fc3e832d88ed71794fc2f6e5c76,3966,1,21549aacebac4e2dbd2060aa304435e3b13d8acc5d543e73da82e8e5e52d5640,
src/task_factory/task_factory.py,3657c7c202c65472ddb6160a64881f23ef44fbecc2c0f531aa0ed1dcfe730cd2,3190,3,47d1c0083a14b1ee93cae1a104cc2437942a6f5a94ff980fbfcd74cdbeac9eec,
src/task_factory/utils/__init__.py,c8840976627f49a369355c766c19cc8ae93b58f61dee9b5fc66009d2e3099edf,183,0,4f53cda18c2baa0c0354bb5f9a3ecbe5ed12ab4d8e11ba873c2f11161202b945,
src/task_factory/utils/data_processing.py,58a198d2e61a7621c78066a4966bfa0b763b5fab9404fbdb69c2c3eff37f0a13,4022,3,48d6954c8f2c6ac9bfb9ff003bf24f609f2590593679b85346f28ed577dfe0b4,
src/trainer_factory/Default_trainer.py,0bb202b820d847ce56877b883033f9aa85a271cc84d2339e99b3b7614db68e0a,6084,4,c623c1ce7bbe28ec26cae02d3e290d6888de96a5ae74cb8c77b8c9069ca5c399,
src/trainer_factory/__init__.py,ec375ca2702f2683aec2f824dc2c2cb94a0b064759591e0dc2872e5b0da2d11a,1060,1,fcd8e05cc4341acb957a7795ab6225248e963a51f5a8e9186b5d1521ef8bd094,
src/trainer_factory/extensions/__init__.py,22282f6a2bc53be398aa6ec1389f9eaadedd6570c34dec773c315d45a8f59c7f,91,0,4f53cda18c2baa0c0354bb5f9a3ecbe5ed12ab4d8e11ba873c2f11161202b945,
src/trainer_factory/extensions/manifest.py,ba212648241736776bc7d2e3656bc696424b337fdcf109bafb31019aa0e02e83,4664,4,87b394e11d21bb0eb6a72845589fbbab448b5fafb1e862976bdd47d76df79665,
src/trainer_factory/trainer_factory.py,cd1731faa15b796ca00b3c04fca40d4cf284cfe62338fe250b0787b61cc4dbfc,1680,3,5ed1dd31c6ad634f582300c0756da7a71c8712f04b777ef8dfbec3222caaa7a4,
