arm,seed,role,stage,status,measurement_status,seconds,timer_field,time_boundary,trainable_parameters,direct_parameters,reference_parameters,stored_parameters,optimizer_steps,peak_allocated_gpu_bytes,label_pool,groups,acquisitions,windows,labelled_acquisitions,exit_status,benchmark_commit,reason,run_directory,artifact
p0,42,reference,fit,completed,measured,11.573788720939774,training_seconds,training loop including forward/backward/update,5305,5305,,5305,1000,74231296,source_fit,15,900,1800,900,0,4f87b5b60ecc9bf13ebbfa632e690038d75b0742,,/tmp/p01-d1-20260919-1irHPs/artifacts/d1_pu_20260919/reference,/tmp/p01-d1-20260919-1irHPs/artifacts/d1_pu_20260919/reference/result_scope.json
p0,42,reference,source_selection,completed,measured,16.96649728307966,selection_seconds,per-epoch source-validation evaluation and checkpoint score,5305,5305,,5305,1000,74231296,source_selection,5,300,600,300,0,4f87b5b60ecc9bf13ebbfa632e690038d75b0742,,/tmp/p01-d1-20260919-1irHPs/artifacts/d1_pu_20260919/reference,/tmp/p01-d1-20260919-1irHPs/artifacts/d1_pu_20260919/reference/result_scope.json
p0,42,reference,export,completed,measured,0.027953439042903483,export_seconds,selected checkpoint/validation artifact writes,5305,5305,,5305,1000,74231296,,,,,,0,4f87b5b60ecc9bf13ebbfa632e690038d75b0742,,/tmp/p01-d1-20260919-1irHPs/artifacts/d1_pu_20260919/reference,/tmp/p01-d1-20260919-1irHPs/artifacts/d1_pu_20260919/reference/result_scope.json
p0,42,reference,source_materialization,completed,missing,,source_materialization_seconds,source waveform read and deterministic windows,5305,5305,,5305,1000,74231296,,,,,,0,4f87b5b60ecc9bf13ebbfa632e690038d75b0742,,/tmp/p01-d1-20260919-1irHPs/artifacts/d1_pu_20260919/reference,/tmp/p01-d1-20260919-1irHPs/artifacts/d1_pu_20260919/reference/result_scope.json
p0,42,reference,process,completed,missing,,wall_seconds,whole invocation monotonic timer; includes startup and I/O; overlaps internal timers,5305,5305,,5305,1000,74231296,,,,,,0,4f87b5b60ecc9bf13ebbfa632e690038d75b0742,,/tmp/p01-d1-20260919-1irHPs/artifacts/d1_pu_20260919/reference,/tmp/p01-d1-20260919-1irHPs/artifacts/d1_pu_20260919/reference/execution_status.json
p0,42,reference,filesystem_observed_interval,completed,filesystem_interval_not_process_timer,89.21602672,filesystem_observed_interval_seconds,"attempt_logs directory mtime when stdout/stderr were created to final result_scope.json mtime; includes startup and source I/O, not a monotonic-process timer",5305,5305,,5305,1000,74231296,,,,,,0,4f87b5b60ecc9bf13ebbfa632e690038d75b0742,,/tmp/p01-d1-20260919-1irHPs/artifacts/d1_pu_20260919/reference,/tmp/p01-d1-20260919-1irHPs/artifacts/d1_pu_20260919/reference/execution_status.json
MLP16,42,core,fit,completed,measured,43.589253041893244,training_seconds,training loop including forward/backward/update,643,5948,5305,5948,1000,65169408,source_fit,15,900,1800,900,0,19ae593bca674ed021662ba92383cb467e583279,,/tmp/p01-d1-20260919-1irHPs/artifacts/d1_pu_20260919/core/MLP16/seed_42,/tmp/p01-d1-20260919-1irHPs/artifacts/d1_pu_20260919/core/MLP16/seed_42/result_scope.json
MLP16,42,core,source_selection,completed,measured,19.67182156292256,source_selection_seconds,per-epoch source-validation evaluation and checkpoint score,643,5948,5305,5948,1000,65169408,source_selection,5,300,600,300,0,19ae593bca674ed021662ba92383cb467e583279,,/tmp/p01-d1-20260919-1irHPs/artifacts/d1_pu_20260919/core/MLP16/seed_42,/tmp/p01-d1-20260919-1irHPs/artifacts/d1_pu_20260919/core/MLP16/seed_42/result_scope.json
MLP16,42,core,export,completed,missing,,export_seconds,selected checkpoint/validation artifact writes,643,5948,5305,5948,1000,65169408,,,,,,0,19ae593bca674ed021662ba92383cb467e583279,,/tmp/p01-d1-20260919-1irHPs/artifacts/d1_pu_20260919/core/MLP16/seed_42,/tmp/p01-d1-20260919-1irHPs/artifacts/d1_pu_20260919/core/MLP16/seed_42/result_scope.json
MLP16,42,core,source_materialization,completed,measured,4.732724428002257,source_materialization_seconds,source waveform read and deterministic windows,643,5948,5305,5948,1000,65169408,,,,,,0,19ae593bca674ed021662ba92383cb467e583279,,/tmp/p01-d1-20260919-1irHPs/artifacts/d1_pu_20260919/core/MLP16/seed_42,/tmp/p01-d1-20260919-1irHPs/artifacts/d1_pu_20260919/core/MLP16/seed_42/result_scope.json
MLP16,42,core,process,completed,measured,82.69630146102281,wall_seconds,whole invocation monotonic timer; includes startup and I/O; overlaps internal timers,643,5948,5305,5948,1000,65169408,,,,,,0,19ae593bca674ed021662ba92383cb467e583279,,/tmp/p01-d1-20260919-1irHPs/artifacts/d1_pu_20260919/core/MLP16/seed_42,/tmp/p01-d1-20260919-1irHPs/artifacts/d1_pu_20260919/core/MLP16/seed_42/execution_status.json
MLP16,123,core,fit,completed,measured,62.34146078315098,training_seconds,training loop including forward/backward/update,643,5948,5305,5948,1000,65169408,source_fit,15,900,1800,900,0,19ae593bca674ed021662ba92383cb467e583279,,/tmp/p01-d1-20260919-1irHPs/artifacts/d1_pu_20260919/core/MLP16/seed_123,/tmp/p01-d1-20260919-1irHPs/artifacts/d1_pu_20260919/core/MLP16/seed_123/result_scope.json
MLP16,123,core,source_selection,completed,measured,32.797922032070346,source_selection_seconds,per-epoch source-validation evaluation and checkpoint score,643,5948,5305,5948,1000,65169408,source_selection,5,300,600,300,0,19ae593bca674ed021662ba92383cb467e583279,,/tmp/p01-d1-20260919-1irHPs/artifacts/d1_pu_20260919/core/MLP16/seed_123,/tmp/p01-d1-20260919-1irHPs/artifacts/d1_pu_20260919/core/MLP16/seed_123/result_scope.json
MLP16,123,core,export,completed,missing,,export_seconds,selected checkpoint/validation artifact writes,643,5948,5305,5948,1000,65169408,,,,,,0,19ae593bca674ed021662ba92383cb467e583279,,/tmp/p01-d1-20260919-1irHPs/artifacts/d1_pu_20260919/core/MLP16/seed_123,/tmp/p01-d1-20260919-1irHPs/artifacts/d1_pu_20260919/core/MLP16/seed_123/result_scope.json
MLP16,123,core,source_materialization,completed,measured,4.558150309021585,source_materialization_seconds,source waveform read and deterministic windows,643,5948,5305,5948,1000,65169408,,,,,,0,19ae593bca674ed021662ba92383cb467e583279,,/tmp/p01-d1-20260919-1irHPs/artifacts/d1_pu_20260919/core/MLP16/seed_123,/tmp/p01-d1-20260919-1irHPs/artifacts/d1_pu_20260919/core/MLP16/seed_123/result_scope.json
MLP16,123,core,process,completed,measured,114.04163582302863,wall_seconds,whole invocation monotonic timer; includes startup and I/O; overlaps internal timers,643,5948,5305,5948,1000,65169408,,,,,,0,19ae593bca674ed021662ba92383cb467e583279,,/tmp/p01-d1-20260919-1irHPs/artifacts/d1_pu_20260919/core/MLP16/seed_123,/tmp/p01-d1-20260919-1irHPs/artifacts/d1_pu_20260919/core/MLP16/seed_123/execution_status.json
MLP16,456,core,fit,completed,measured,60.781464884988964,training_seconds,training loop including forward/backward/update,643,5948,5305,5948,1000,65169408,source_fit,15,900,1800,900,0,19ae593bca674ed021662ba92383cb467e583279,,/tmp/p01-d1-20260919-1irHPs/artifacts/d1_pu_20260919/core/MLP16/seed_456,/tmp/p01-d1-20260919-1irHPs/artifacts/d1_pu_20260919/core/MLP16/seed_456/result_scope.json
MLP16,456,core,source_selection,completed,measured,31.119883353065234,source_selection_seconds,per-epoch source-validation evaluation and checkpoint score,643,5948,5305,5948,1000,65169408,source_selection,5,300,600,300,0,19ae593bca674ed021662ba92383cb467e583279,,/tmp/p01-d1-20260919-1irHPs/artifacts/d1_pu_20260919/core/MLP16/seed_456,/tmp/p01-d1-20260919-1irHPs/artifacts/d1_pu_20260919/core/MLP16/seed_456/result_scope.json
MLP16,456,core,export,completed,missing,,export_seconds,selected checkpoint/validation artifact writes,643,5948,5305,5948,1000,65169408,,,,,,0,19ae593bca674ed021662ba92383cb467e583279,,/tmp/p01-d1-20260919-1irHPs/artifacts/d1_pu_20260919/core/MLP16/seed_456,/tmp/p01-d1-20260919-1irHPs/artifacts/d1_pu_20260919/core/MLP16/seed_456/result_scope.json
MLP16,456,core,source_materialization,completed,measured,4.731224966002628,source_materialization_seconds,source waveform read and deterministic windows,643,5948,5305,5948,1000,65169408,,,,,,0,19ae593bca674ed021662ba92383cb467e583279,,/tmp/p01-d1-20260919-1irHPs/artifacts/d1_pu_20260919/core/MLP16/seed_456,/tmp/p01-d1-20260919-1irHPs/artifacts/d1_pu_20260919/core/MLP16/seed_456/result_scope.json
MLP16,456,core,process,completed,measured,112.43585328600602,wall_seconds,whole invocation monotonic timer; includes startup and I/O; overlaps internal timers,643,5948,5305,5948,1000,65169408,,,,,,0,19ae593bca674ed021662ba92383cb467e583279,,/tmp/p01-d1-20260919-1irHPs/artifacts/d1_pu_20260919/core/MLP16/seed_456,/tmp/p01-d1-20260919-1irHPs/artifacts/d1_pu_20260919/core/MLP16/seed_456/execution_status.json
O,42,core,fit,completed,measured,64.64996789698489,training_seconds,training loop including forward/backward/update,937,6242,5305,6242,1000,70702080,source_fit,15,900,1800,900,0,19ae593bca674ed021662ba92383cb467e583279,,/tmp/p01-d1-20260919-1irHPs/artifacts/d1_pu_20260919/core/O/seed_42,/tmp/p01-d1-20260919-1irHPs/artifacts/d1_pu_20260919/core/O/seed_42/result_scope.json
O,42,core,source_selection,completed,measured,52.14235438796459,source_selection_seconds,per-epoch source-validation evaluation and checkpoint score,937,6242,5305,6242,1000,70702080,source_selection,5,300,600,300,0,19ae593bca674ed021662ba92383cb467e583279,,/tmp/p01-d1-20260919-1irHPs/artifacts/d1_pu_20260919/core/O/seed_42,/tmp/p01-d1-20260919-1irHPs/artifacts/d1_pu_20260919/core/O/seed_42/result_scope.json
O,42,core,export,completed,missing,,export_seconds,selected checkpoint/validation artifact writes,937,6242,5305,6242,1000,70702080,,,,,,0,19ae593bca674ed021662ba92383cb467e583279,,/tmp/p01-d1-20260919-1irHPs/artifacts/d1_pu_20260919/core/O/seed_42,/tmp/p01-d1-20260919-1irHPs/artifacts/d1_pu_20260919/core/O/seed_42/result_scope.json
O,42,core,source_materialization,completed,measured,4.450727101997472,source_materialization_seconds,source waveform read and deterministic windows,937,6242,5305,6242,1000,70702080,,,,,,0,19ae593bca674ed021662ba92383cb467e583279,,/tmp/p01-d1-20260919-1irHPs/artifacts/d1_pu_20260919/core/O/seed_42,/tmp/p01-d1-20260919-1irHPs/artifacts/d1_pu_20260919/core/O/seed_42/result_scope.json
O,42,core,process,completed,measured,137.07041104097152,wall_seconds,whole invocation monotonic timer; includes startup and I/O; overlaps internal timers,937,6242,5305,6242,1000,70702080,,,,,,0,19ae593bca674ed021662ba92383cb467e583279,,/tmp/p01-d1-20260919-1irHPs/artifacts/d1_pu_20260919/core/O/seed_42,/tmp/p01-d1-20260919-1irHPs/artifacts/d1_pu_20260919/core/O/seed_42/execution_status.json
O,123,core,fit,completed,measured,80.369081627985,training_seconds,training loop including forward/backward/update,937,6242,5305,6242,1000,70702080,source_fit,15,900,1800,900,0,19ae593bca674ed021662ba92383cb467e583279,,/tmp/p01-d1-20260919-1irHPs/artifacts/d1_pu_20260919/core/O/seed_123,/tmp/p01-d1-20260919-1irHPs/artifacts/d1_pu_20260919/core/O/seed_123/result_scope.json
O,123,core,source_selection,completed,measured,61.735227135999594,source_selection_seconds,per-epoch source-validation evaluation and checkpoint score,937,6242,5305,6242,1000,70702080,source_selection,5,300,600,300,0,19ae593bca674ed021662ba92383cb467e583279,,/tmp/p01-d1-20260919-1irHPs/artifacts/d1_pu_20260919/core/O/seed_123,/tmp/p01-d1-20260919-1irHPs/artifacts/d1_pu_20260919/core/O/seed_123/result_scope.json
O,123,core,export,completed,missing,,export_seconds,selected checkpoint/validation artifact writes,937,6242,5305,6242,1000,70702080,,,,,,0,19ae593bca674ed021662ba92383cb467e583279,,/tmp/p01-d1-20260919-1irHPs/artifacts/d1_pu_20260919/core/O/seed_123,/tmp/p01-d1-20260919-1irHPs/artifacts/d1_pu_20260919/core/O/seed_123/result_scope.json
O,123,core,source_materialization,completed,measured,4.369426136021502,source_materialization_seconds,source waveform read and deterministic windows,937,6242,5305,6242,1000,70702080,,,,,,0,19ae593bca674ed021662ba92383cb467e583279,,/tmp/p01-d1-20260919-1irHPs/artifacts/d1_pu_20260919/core/O/seed_123,/tmp/p01-d1-20260919-1irHPs/artifacts/d1_pu_20260919/core/O/seed_123/result_scope.json
O,123,core,process,completed,measured,161.07482824200997,wall_seconds,whole invocation monotonic timer; includes startup and I/O; overlaps internal timers,937,6242,5305,6242,1000,70702080,,,,,,0,19ae593bca674ed021662ba92383cb467e583279,,/tmp/p01-d1-20260919-1irHPs/artifacts/d1_pu_20260919/core/O/seed_123,/tmp/p01-d1-20260919-1irHPs/artifacts/d1_pu_20260919/core/O/seed_123/execution_status.json
O,456,core,fit,completed,measured,82.98826486879261,training_seconds,training loop including forward/backward/update,937,6242,5305,6242,1000,70702080,source_fit,15,900,1800,900,0,19ae593bca674ed021662ba92383cb467e583279,,/tmp/p01-d1-20260919-1irHPs/artifacts/d1_pu_20260919/core/O/seed_456,/tmp/p01-d1-20260919-1irHPs/artifacts/d1_pu_20260919/core/O/seed_456/result_scope.json
O,456,core,source_selection,completed,measured,65.4545956737129,source_selection_seconds,per-epoch source-validation evaluation and checkpoint score,937,6242,5305,6242,1000,70702080,source_selection,5,300,600,300,0,19ae593bca674ed021662ba92383cb467e583279,,/tmp/p01-d1-20260919-1irHPs/artifacts/d1_pu_20260919/core/O/seed_456,/tmp/p01-d1-20260919-1irHPs/artifacts/d1_pu_20260919/core/O/seed_456/result_scope.json
O,456,core,export,completed,missing,,export_seconds,selected checkpoint/validation artifact writes,937,6242,5305,6242,1000,70702080,,,,,,0,19ae593bca674ed021662ba92383cb467e583279,,/tmp/p01-d1-20260919-1irHPs/artifacts/d1_pu_20260919/core/O/seed_456,/tmp/p01-d1-20260919-1irHPs/artifacts/d1_pu_20260919/core/O/seed_456/result_scope.json
O,456,core,source_materialization,completed,measured,4.596086245961487,source_materialization_seconds,source waveform read and deterministic windows,937,6242,5305,6242,1000,70702080,,,,,,0,19ae593bca674ed021662ba92383cb467e583279,,/tmp/p01-d1-20260919-1irHPs/artifacts/d1_pu_20260919/core/O/seed_456,/tmp/p01-d1-20260919-1irHPs/artifacts/d1_pu_20260919/core/O/seed_456/result_scope.json
O,456,core,process,completed,measured,168.8593241549679,wall_seconds,whole invocation monotonic timer; includes startup and I/O; overlaps internal timers,937,6242,5305,6242,1000,70702080,,,,,,0,19ae593bca674ed021662ba92383cb467e583279,,/tmp/p01-d1-20260919-1irHPs/artifacts/d1_pu_20260919/core/O/seed_456,/tmp/p01-d1-20260919-1irHPs/artifacts/d1_pu_20260919/core/O/seed_456/execution_status.json
UO,42,core,fit,completed,measured,70.8803148388397,training_seconds,training loop including forward/backward/update,937,6242,5305,6242,1000,70707712,source_fit,15,900,1800,900,0,19ae593bca674ed021662ba92383cb467e583279,,/tmp/p01-d1-20260919-1irHPs/artifacts/d1_pu_20260919/core/UO/seed_42,/tmp/p01-d1-20260919-1irHPs/artifacts/d1_pu_20260919/core/UO/seed_42/result_scope.json
UO,42,core,source_selection,completed,measured,61.384148497949354,source_selection_seconds,per-epoch source-validation evaluation and checkpoint score,937,6242,5305,6242,1000,70707712,source_selection,5,300,600,300,0,19ae593bca674ed021662ba92383cb467e583279,,/tmp/p01-d1-20260919-1irHPs/artifacts/d1_pu_20260919/core/UO/seed_42,/tmp/p01-d1-20260919-1irHPs/artifacts/d1_pu_20260919/core/UO/seed_42/result_scope.json
UO,42,core,export,completed,missing,,export_seconds,selected checkpoint/validation artifact writes,937,6242,5305,6242,1000,70707712,,,,,,0,19ae593bca674ed021662ba92383cb467e583279,,/tmp/p01-d1-20260919-1irHPs/artifacts/d1_pu_20260919/core/UO/seed_42,/tmp/p01-d1-20260919-1irHPs/artifacts/d1_pu_20260919/core/UO/seed_42/result_scope.json
UO,42,core,source_materialization,completed,measured,5.713752873998601,source_materialization_seconds,source waveform read and deterministic windows,937,6242,5305,6242,1000,70707712,,,,,,0,19ae593bca674ed021662ba92383cb467e583279,,/tmp/p01-d1-20260919-1irHPs/artifacts/d1_pu_20260919/core/UO/seed_42,/tmp/p01-d1-20260919-1irHPs/artifacts/d1_pu_20260919/core/UO/seed_42/result_scope.json
UO,42,core,process,completed,measured,157.0246856699814,wall_seconds,whole invocation monotonic timer; includes startup and I/O; overlaps internal timers,937,6242,5305,6242,1000,70707712,,,,,,0,19ae593bca674ed021662ba92383cb467e583279,,/tmp/p01-d1-20260919-1irHPs/artifacts/d1_pu_20260919/core/UO/seed_42,/tmp/p01-d1-20260919-1irHPs/artifacts/d1_pu_20260919/core/UO/seed_42/execution_status.json
UO,123,core,fit,completed,measured,80.59156006603735,training_seconds,training loop including forward/backward/update,937,6242,5305,6242,1000,70707712,source_fit,15,900,1800,900,0,19ae593bca674ed021662ba92383cb467e583279,,/tmp/p01-d1-20260919-1irHPs/artifacts/d1_pu_20260919/core/UO/seed_123,/tmp/p01-d1-20260919-1irHPs/artifacts/d1_pu_20260919/core/UO/seed_123/result_scope.json
UO,123,core,source_selection,completed,measured,61.03611416410422,source_selection_seconds,per-epoch source-validation evaluation and checkpoint score,937,6242,5305,6242,1000,70707712,source_selection,5,300,600,300,0,19ae593bca674ed021662ba92383cb467e583279,,/tmp/p01-d1-20260919-1irHPs/artifacts/d1_pu_20260919/core/UO/seed_123,/tmp/p01-d1-20260919-1irHPs/artifacts/d1_pu_20260919/core/UO/seed_123/result_scope.json
UO,123,core,export,completed,missing,,export_seconds,selected checkpoint/validation artifact writes,937,6242,5305,6242,1000,70707712,,,,,,0,19ae593bca674ed021662ba92383cb467e583279,,/tmp/p01-d1-20260919-1irHPs/artifacts/d1_pu_20260919/core/UO/seed_123,/tmp/p01-d1-20260919-1irHPs/artifacts/d1_pu_20260919/core/UO/seed_123/result_scope.json
UO,123,core,source_materialization,completed,measured,4.585281516017858,source_materialization_seconds,source waveform read and deterministic windows,937,6242,5305,6242,1000,70707712,,,,,,0,19ae593bca674ed021662ba92383cb467e583279,,/tmp/p01-d1-20260919-1irHPs/artifacts/d1_pu_20260919/core/UO/seed_123,/tmp/p01-d1-20260919-1irHPs/artifacts/d1_pu_20260919/core/UO/seed_123/result_scope.json
UO,123,core,process,completed,measured,161.77230940200388,wall_seconds,whole invocation monotonic timer; includes startup and I/O; overlaps internal timers,937,6242,5305,6242,1000,70707712,,,,,,0,19ae593bca674ed021662ba92383cb467e583279,,/tmp/p01-d1-20260919-1irHPs/artifacts/d1_pu_20260919/core/UO/seed_123,/tmp/p01-d1-20260919-1irHPs/artifacts/d1_pu_20260919/core/UO/seed_123/execution_status.json
UO,456,core,fit,completed,measured,78.5896878860658,training_seconds,training loop including forward/backward/update,937,6242,5305,6242,1000,70707712,source_fit,15,900,1800,900,0,19ae593bca674ed021662ba92383cb467e583279,,/tmp/p01-d1-20260919-1irHPs/artifacts/d1_pu_20260919/core/UO/seed_456,/tmp/p01-d1-20260919-1irHPs/artifacts/d1_pu_20260919/core/UO/seed_456/result_scope.json
UO,456,core,source_selection,completed,measured,58.59964435285656,source_selection_seconds,per-epoch source-validation evaluation and checkpoint score,937,6242,5305,6242,1000,70707712,source_selection,5,300,600,300,0,19ae593bca674ed021662ba92383cb467e583279,,/tmp/p01-d1-20260919-1irHPs/artifacts/d1_pu_20260919/core/UO/seed_456,/tmp/p01-d1-20260919-1irHPs/artifacts/d1_pu_20260919/core/UO/seed_456/result_scope.json
UO,456,core,export,completed,missing,,export_seconds,selected checkpoint/validation artifact writes,937,6242,5305,6242,1000,70707712,,,,,,0,19ae593bca674ed021662ba92383cb467e583279,,/tmp/p01-d1-20260919-1irHPs/artifacts/d1_pu_20260919/core/UO/seed_456,/tmp/p01-d1-20260919-1irHPs/artifacts/d1_pu_20260919/core/UO/seed_456/result_scope.json
UO,456,core,source_materialization,completed,measured,4.3519737489987165,source_materialization_seconds,source waveform read and deterministic windows,937,6242,5305,6242,1000,70707712,,,,,,0,19ae593bca674ed021662ba92383cb467e583279,,/tmp/p01-d1-20260919-1irHPs/artifacts/d1_pu_20260919/core/UO/seed_456,/tmp/p01-d1-20260919-1irHPs/artifacts/d1_pu_20260919/core/UO/seed_456/result_scope.json
UO,456,core,process,completed,measured,156.38628615997732,wall_seconds,whole invocation monotonic timer; includes startup and I/O; overlaps internal timers,937,6242,5305,6242,1000,70707712,,,,,,0,19ae593bca674ed021662ba92383cb467e583279,,/tmp/p01-d1-20260919-1irHPs/artifacts/d1_pu_20260919/core/UO/seed_456,/tmp/p01-d1-20260919-1irHPs/artifacts/d1_pu_20260919/core/UO/seed_456/execution_status.json
RO,42,core,fit,completed,measured,73.57119242521003,training_seconds,training loop including forward/backward/update,937,6242,5305,6242,1000,70703104,source_fit,15,900,1800,900,0,19ae593bca674ed021662ba92383cb467e583279,,/tmp/p01-d1-20260919-1irHPs/artifacts/d1_pu_20260919/core/RO/seed_42,/tmp/p01-d1-20260919-1irHPs/artifacts/d1_pu_20260919/core/RO/seed_42/result_scope.json
RO,42,core,source_selection,completed,measured,55.7755491011776,source_selection_seconds,per-epoch source-validation evaluation and checkpoint score,937,6242,5305,6242,1000,70703104,source_selection,5,300,600,300,0,19ae593bca674ed021662ba92383cb467e583279,,/tmp/p01-d1-20260919-1irHPs/artifacts/d1_pu_20260919/core/RO/seed_42,/tmp/p01-d1-20260919-1irHPs/artifacts/d1_pu_20260919/core/RO/seed_42/result_scope.json
RO,42,core,export,completed,missing,,export_seconds,selected checkpoint/validation artifact writes,937,6242,5305,6242,1000,70703104,,,,,,0,19ae593bca674ed021662ba92383cb467e583279,,/tmp/p01-d1-20260919-1irHPs/artifacts/d1_pu_20260919/core/RO/seed_42,/tmp/p01-d1-20260919-1irHPs/artifacts/d1_pu_20260919/core/RO/seed_42/result_scope.json
RO,42,core,source_materialization,completed,measured,5.3433447110001,source_materialization_seconds,source waveform read and deterministic windows,937,6242,5305,6242,1000,70703104,,,,,,0,19ae593bca674ed021662ba92383cb467e583279,,/tmp/p01-d1-20260919-1irHPs/artifacts/d1_pu_20260919/core/RO/seed_42,/tmp/p01-d1-20260919-1irHPs/artifacts/d1_pu_20260919/core/RO/seed_42/result_scope.json
RO,42,core,process,completed,measured,153.1238117920002,wall_seconds,whole invocation monotonic timer; includes startup and I/O; overlaps internal timers,937,6242,5305,6242,1000,70703104,,,,,,0,19ae593bca674ed021662ba92383cb467e583279,,/tmp/p01-d1-20260919-1irHPs/artifacts/d1_pu_20260919/core/RO/seed_42,/tmp/p01-d1-20260919-1irHPs/artifacts/d1_pu_20260919/core/RO/seed_42/execution_status.json
RO,123,core,fit,completed,measured,81.53390104684513,training_seconds,training loop including forward/backward/update,937,6242,5305,6242,1000,70703104,source_fit,15,900,1800,900,0,19ae593bca674ed021662ba92383cb467e583279,,/tmp/p01-d1-20260919-1irHPs/artifacts/d1_pu_20260919/core/RO/seed_123,/tmp/p01-d1-20260919-1irHPs/artifacts/d1_pu_20260919/core/RO/seed_123/result_scope.json
RO,123,core,source_selection,completed,measured,61.999766022199765,source_selection_seconds,per-epoch source-validation evaluation and checkpoint score,937,6242,5305,6242,1000,70703104,source_selection,5,300,600,300,0,19ae593bca674ed021662ba92383cb467e583279,,/tmp/p01-d1-20260919-1irHPs/artifacts/d1_pu_20260919/core/RO/seed_123,/tmp/p01-d1-20260919-1irHPs/artifacts/d1_pu_20260919/core/RO/seed_123/result_scope.json
RO,123,core,export,completed,missing,,export_seconds,selected checkpoint/validation artifact writes,937,6242,5305,6242,1000,70703104,,,,,,0,19ae593bca674ed021662ba92383cb467e583279,,/tmp/p01-d1-20260919-1irHPs/artifacts/d1_pu_20260919/core/RO/seed_123,/tmp/p01-d1-20260919-1irHPs/artifacts/d1_pu_20260919/core/RO/seed_123/result_scope.json
RO,123,core,source_materialization,completed,measured,4.436466910003219,source_materialization_seconds,source waveform read and deterministic windows,937,6242,5305,6242,1000,70703104,,,,,,0,19ae593bca674ed021662ba92383cb467e583279,,/tmp/p01-d1-20260919-1irHPs/artifacts/d1_pu_20260919/core/RO/seed_123,/tmp/p01-d1-20260919-1irHPs/artifacts/d1_pu_20260919/core/RO/seed_123/result_scope.json
RO,123,core,process,completed,measured,164.59099694603356,wall_seconds,whole invocation monotonic timer; includes startup and I/O; overlaps internal timers,937,6242,5305,6242,1000,70703104,,,,,,0,19ae593bca674ed021662ba92383cb467e583279,,/tmp/p01-d1-20260919-1irHPs/artifacts/d1_pu_20260919/core/RO/seed_123,/tmp/p01-d1-20260919-1irHPs/artifacts/d1_pu_20260919/core/RO/seed_123/execution_status.json
RO,456,core,fit,completed,measured,79.92859882407356,training_seconds,training loop including forward/backward/update,937,6242,5305,6242,1000,70703104,source_fit,15,900,1800,900,0,19ae593bca674ed021662ba92383cb467e583279,,/tmp/p01-d1-20260919-1irHPs/artifacts/d1_pu_20260919/core/RO/seed_456,/tmp/p01-d1-20260919-1irHPs/artifacts/d1_pu_20260919/core/RO/seed_456/result_scope.json
RO,456,core,source_selection,completed,measured,62.257246567925904,source_selection_seconds,per-epoch source-validation evaluation and checkpoint score,937,6242,5305,6242,1000,70703104,source_selection,5,300,600,300,0,19ae593bca674ed021662ba92383cb467e583279,,/tmp/p01-d1-20260919-1irHPs/artifacts/d1_pu_20260919/core/RO/seed_456,/tmp/p01-d1-20260919-1irHPs/artifacts/d1_pu_20260919/core/RO/seed_456/result_scope.json
RO,456,core,export,completed,missing,,export_seconds,selected checkpoint/validation artifact writes,937,6242,5305,6242,1000,70703104,,,,,,0,19ae593bca674ed021662ba92383cb467e583279,,/tmp/p01-d1-20260919-1irHPs/artifacts/d1_pu_20260919/core/RO/seed_456,/tmp/p01-d1-20260919-1irHPs/artifacts/d1_pu_20260919/core/RO/seed_456/result_scope.json
RO,456,core,source_materialization,completed,measured,4.610268054006156,source_materialization_seconds,source waveform read and deterministic windows,937,6242,5305,6242,1000,70703104,,,,,,0,19ae593bca674ed021662ba92383cb467e583279,,/tmp/p01-d1-20260919-1irHPs/artifacts/d1_pu_20260919/core/RO/seed_456,/tmp/p01-d1-20260919-1irHPs/artifacts/d1_pu_20260919/core/RO/seed_456/result_scope.json
RO,456,core,process,completed,measured,162.12898095097626,wall_seconds,whole invocation monotonic timer; includes startup and I/O; overlaps internal timers,937,6242,5305,6242,1000,70703104,,,,,,0,19ae593bca674ed021662ba92383cb467e583279,,/tmp/p01-d1-20260919-1irHPs/artifacts/d1_pu_20260919/core/RO/seed_456,/tmp/p01-d1-20260919-1irHPs/artifacts/d1_pu_20260919/core/RO/seed_456/execution_status.json
RC,42,core,fit,completed,measured,72.8114212930086,training_seconds,training loop including forward/backward/update,937,6242,5305,6242,1000,70703104,source_fit,15,900,1800,900,0,19ae593bca674ed021662ba92383cb467e583279,,/tmp/p01-d1-20260919-1irHPs/artifacts/d1_pu_20260919/core/RC/seed_42,/tmp/p01-d1-20260919-1irHPs/artifacts/d1_pu_20260919/core/RC/seed_42/result_scope.json
RC,42,core,source_selection,completed,measured,57.06310239806771,source_selection_seconds,per-epoch source-validation evaluation and checkpoint score,937,6242,5305,6242,1000,70703104,source_selection,5,300,600,300,0,19ae593bca674ed021662ba92383cb467e583279,,/tmp/p01-d1-20260919-1irHPs/artifacts/d1_pu_20260919/core/RC/seed_42,/tmp/p01-d1-20260919-1irHPs/artifacts/d1_pu_20260919/core/RC/seed_42/result_scope.json
RC,42,core,export,completed,missing,,export_seconds,selected checkpoint/validation artifact writes,937,6242,5305,6242,1000,70703104,,,,,,0,19ae593bca674ed021662ba92383cb467e583279,,/tmp/p01-d1-20260919-1irHPs/artifacts/d1_pu_20260919/core/RC/seed_42,/tmp/p01-d1-20260919-1irHPs/artifacts/d1_pu_20260919/core/RC/seed_42/result_scope.json
RC,42,core,source_materialization,completed,measured,4.75042326899711,source_materialization_seconds,source waveform read and deterministic windows,937,6242,5305,6242,1000,70703104,,,,,,0,19ae593bca674ed021662ba92383cb467e583279,,/tmp/p01-d1-20260919-1irHPs/artifacts/d1_pu_20260919/core/RC/seed_42,/tmp/p01-d1-20260919-1irHPs/artifacts/d1_pu_20260919/core/RC/seed_42/result_scope.json
RC,42,core,process,completed,measured,151.1819884009892,wall_seconds,whole invocation monotonic timer; includes startup and I/O; overlaps internal timers,937,6242,5305,6242,1000,70703104,,,,,,0,19ae593bca674ed021662ba92383cb467e583279,,/tmp/p01-d1-20260919-1irHPs/artifacts/d1_pu_20260919/core/RC/seed_42,/tmp/p01-d1-20260919-1irHPs/artifacts/d1_pu_20260919/core/RC/seed_42/execution_status.json
RC,123,core,fit,completed,measured,89.04481821594527,training_seconds,training loop including forward/backward/update,937,6242,5305,6242,1000,70703104,source_fit,15,900,1800,900,0,19ae593bca674ed021662ba92383cb467e583279,,/tmp/p01-d1-20260919-1irHPs/artifacts/d1_pu_20260919/core/RC/seed_123,/tmp/p01-d1-20260919-1irHPs/artifacts/d1_pu_20260919/core/RC/seed_123/result_scope.json
RC,123,core,source_selection,completed,measured,72.80778580106562,source_selection_seconds,per-epoch source-validation evaluation and checkpoint score,937,6242,5305,6242,1000,70703104,source_selection,5,300,600,300,0,19ae593bca674ed021662ba92383cb467e583279,,/tmp/p01-d1-20260919-1irHPs/artifacts/d1_pu_20260919/core/RC/seed_123,/tmp/p01-d1-20260919-1irHPs/artifacts/d1_pu_20260919/core/RC/seed_123/result_scope.json
RC,123,core,export,completed,missing,,export_seconds,selected checkpoint/validation artifact writes,937,6242,5305,6242,1000,70703104,,,,,,0,19ae593bca674ed021662ba92383cb467e583279,,/tmp/p01-d1-20260919-1irHPs/artifacts/d1_pu_20260919/core/RC/seed_123,/tmp/p01-d1-20260919-1irHPs/artifacts/d1_pu_20260919/core/RC/seed_123/result_scope.json
RC,123,core,source_materialization,completed,measured,5.706878034980036,source_materialization_seconds,source waveform read and deterministic windows,937,6242,5305,6242,1000,70703104,,,,,,0,19ae593bca674ed021662ba92383cb467e583279,,/tmp/p01-d1-20260919-1irHPs/artifacts/d1_pu_20260919/core/RC/seed_123,/tmp/p01-d1-20260919-1irHPs/artifacts/d1_pu_20260919/core/RC/seed_123/result_scope.json
RC,123,core,process,completed,measured,189.33892292896053,wall_seconds,whole invocation monotonic timer; includes startup and I/O; overlaps internal timers,937,6242,5305,6242,1000,70703104,,,,,,0,19ae593bca674ed021662ba92383cb467e583279,,/tmp/p01-d1-20260919-1irHPs/artifacts/d1_pu_20260919/core/RC/seed_123,/tmp/p01-d1-20260919-1irHPs/artifacts/d1_pu_20260919/core/RC/seed_123/execution_status.json
RC,456,core,fit,completed,measured,56.970741450903006,training_seconds,training loop including forward/backward/update,937,6242,5305,6242,1000,70703104,source_fit,15,900,1800,900,0,19ae593bca674ed021662ba92383cb467e583279,,/tmp/p01-d1-20260919-1irHPs/artifacts/d1_pu_20260919/core/RC/seed_456,/tmp/p01-d1-20260919-1irHPs/artifacts/d1_pu_20260919/core/RC/seed_456/result_scope.json
RC,456,core,source_selection,completed,measured,46.528529627015814,source_selection_seconds,per-epoch source-validation evaluation and checkpoint score,937,6242,5305,6242,1000,70703104,source_selection,5,300,600,300,0,19ae593bca674ed021662ba92383cb467e583279,,/tmp/p01-d1-20260919-1irHPs/artifacts/d1_pu_20260919/core/RC/seed_456,/tmp/p01-d1-20260919-1irHPs/artifacts/d1_pu_20260919/core/RC/seed_456/result_scope.json
RC,456,core,export,completed,missing,,export_seconds,selected checkpoint/validation artifact writes,937,6242,5305,6242,1000,70703104,,,,,,0,19ae593bca674ed021662ba92383cb467e583279,,/tmp/p01-d1-20260919-1irHPs/artifacts/d1_pu_20260919/core/RC/seed_456,/tmp/p01-d1-20260919-1irHPs/artifacts/d1_pu_20260919/core/RC/seed_456/result_scope.json
RC,456,core,source_materialization,completed,measured,4.521933267998975,source_materialization_seconds,source waveform read and deterministic windows,937,6242,5305,6242,1000,70703104,,,,,,0,19ae593bca674ed021662ba92383cb467e583279,,/tmp/p01-d1-20260919-1irHPs/artifacts/d1_pu_20260919/core/RC/seed_456,/tmp/p01-d1-20260919-1irHPs/artifacts/d1_pu_20260919/core/RC/seed_456/result_scope.json
RC,456,core,process,completed,measured,123.45893915300258,wall_seconds,whole invocation monotonic timer; includes startup and I/O; overlaps internal timers,937,6242,5305,6242,1000,70703104,,,,,,0,19ae593bca674ed021662ba92383cb467e583279,,/tmp/p01-d1-20260919-1irHPs/artifacts/d1_pu_20260919/core/RC/seed_456,/tmp/p01-d1-20260919-1irHPs/artifacts/d1_pu_20260919/core/RC/seed_456/execution_status.json
MLP16_all,42,diagnostic,fit,completed,measured,67.54253351315856,training_seconds,training loop including forward/backward/update,5005,10310,5305,10310,1000,70789632,source_fit,15,900,1800,900,0,19ae593bca674ed021662ba92383cb467e583279,,/tmp/p01-d1-20260919-1irHPs/artifacts/d1_pu_20260919/diagnostics/MLP16_all/seed_42,/tmp/p01-d1-20260919-1irHPs/artifacts/d1_pu_20260919/diagnostics/MLP16_all/seed_42/result_scope.json
MLP16_all,42,diagnostic,source_selection,completed,measured,57.665827128104866,source_selection_seconds,per-epoch source-validation evaluation and checkpoint score,5005,10310,5305,10310,1000,70789632,source_selection,5,300,600,300,0,19ae593bca674ed021662ba92383cb467e583279,,/tmp/p01-d1-20260919-1irHPs/artifacts/d1_pu_20260919/diagnostics/MLP16_all/seed_42,/tmp/p01-d1-20260919-1irHPs/artifacts/d1_pu_20260919/diagnostics/MLP16_all/seed_42/result_scope.json
MLP16_all,42,diagnostic,export,completed,missing,,export_seconds,selected checkpoint/validation artifact writes,5005,10310,5305,10310,1000,70789632,,,,,,0,19ae593bca674ed021662ba92383cb467e583279,,/tmp/p01-d1-20260919-1irHPs/artifacts/d1_pu_20260919/diagnostics/MLP16_all/seed_42,/tmp/p01-d1-20260919-1irHPs/artifacts/d1_pu_20260919/diagnostics/MLP16_all/seed_42/result_scope.json
MLP16_all,42,diagnostic,source_materialization,completed,measured,4.527242173964623,source_materialization_seconds,source waveform read and deterministic windows,5005,10310,5305,10310,1000,70789632,,,,,,0,19ae593bca674ed021662ba92383cb467e583279,,/tmp/p01-d1-20260919-1irHPs/artifacts/d1_pu_20260919/diagnostics/MLP16_all/seed_42,/tmp/p01-d1-20260919-1irHPs/artifacts/d1_pu_20260919/diagnostics/MLP16_all/seed_42/result_scope.json
MLP16_all,42,diagnostic,process,completed,measured,145.16908566298662,wall_seconds,whole invocation monotonic timer; includes startup and I/O; overlaps internal timers,5005,10310,5305,10310,1000,70789632,,,,,,0,19ae593bca674ed021662ba92383cb467e583279,,/tmp/p01-d1-20260919-1irHPs/artifacts/d1_pu_20260919/diagnostics/MLP16_all/seed_42,/tmp/p01-d1-20260919-1irHPs/artifacts/d1_pu_20260919/diagnostics/MLP16_all/seed_42/execution_status.json
MLP32,42,diagnostic,fit,completed,measured,62.383941820822656,training_seconds,training loop including forward/backward/update,1283,6588,5305,6588,1000,65178112,source_fit,15,900,1800,900,0,19ae593bca674ed021662ba92383cb467e583279,,/tmp/p01-d1-20260919-1irHPs/artifacts/d1_pu_20260919/diagnostics/MLP32/seed_42,/tmp/p01-d1-20260919-1irHPs/artifacts/d1_pu_20260919/diagnostics/MLP32/seed_42/result_scope.json
MLP32,42,diagnostic,source_selection,completed,measured,32.35641605401179,source_selection_seconds,per-epoch source-validation evaluation and checkpoint score,1283,6588,5305,6588,1000,65178112,source_selection,5,300,600,300,0,19ae593bca674ed021662ba92383cb467e583279,,/tmp/p01-d1-20260919-1irHPs/artifacts/d1_pu_20260919/diagnostics/MLP32/seed_42,/tmp/p01-d1-20260919-1irHPs/artifacts/d1_pu_20260919/diagnostics/MLP32/seed_42/result_scope.json
MLP32,42,diagnostic,export,completed,missing,,export_seconds,selected checkpoint/validation artifact writes,1283,6588,5305,6588,1000,65178112,,,,,,0,19ae593bca674ed021662ba92383cb467e583279,,/tmp/p01-d1-20260919-1irHPs/artifacts/d1_pu_20260919/diagnostics/MLP32/seed_42,/tmp/p01-d1-20260919-1irHPs/artifacts/d1_pu_20260919/diagnostics/MLP32/seed_42/result_scope.json
MLP32,42,diagnostic,source_materialization,completed,measured,13.212676527968142,source_materialization_seconds,source waveform read and deterministic windows,1283,6588,5305,6588,1000,65178112,,,,,,0,19ae593bca674ed021662ba92383cb467e583279,,/tmp/p01-d1-20260919-1irHPs/artifacts/d1_pu_20260919/diagnostics/MLP32/seed_42,/tmp/p01-d1-20260919-1irHPs/artifacts/d1_pu_20260919/diagnostics/MLP32/seed_42/result_scope.json
MLP32,42,diagnostic,process,completed,measured,126.83525847201236,wall_seconds,whole invocation monotonic timer; includes startup and I/O; overlaps internal timers,1283,6588,5305,6588,1000,65178112,,,,,,0,19ae593bca674ed021662ba92383cb467e583279,,/tmp/p01-d1-20260919-1irHPs/artifacts/d1_pu_20260919/diagnostics/MLP32/seed_42,/tmp/p01-d1-20260919-1irHPs/artifacts/d1_pu_20260919/diagnostics/MLP32/seed_42/execution_status.json
MLP8,42,diagnostic,fit,completed,measured,49.07865519600455,training_seconds,training loop including forward/backward/update,323,5628,5305,5628,1000,65164800,source_fit,15,900,1800,900,0,19ae593bca674ed021662ba92383cb467e583279,,/tmp/p01-d1-20260919-1irHPs/artifacts/d1_pu_20260919/diagnostics/MLP8/seed_42,/tmp/p01-d1-20260919-1irHPs/artifacts/d1_pu_20260919/diagnostics/MLP8/seed_42/result_scope.json
MLP8,42,diagnostic,source_selection,completed,measured,23.60047289711656,source_selection_seconds,per-epoch source-validation evaluation and checkpoint score,323,5628,5305,5628,1000,65164800,source_selection,5,300,600,300,0,19ae593bca674ed021662ba92383cb467e583279,,/tmp/p01-d1-20260919-1irHPs/artifacts/d1_pu_20260919/diagnostics/MLP8/seed_42,/tmp/p01-d1-20260919-1irHPs/artifacts/d1_pu_20260919/diagnostics/MLP8/seed_42/result_scope.json
MLP8,42,diagnostic,export,completed,missing,,export_seconds,selected checkpoint/validation artifact writes,323,5628,5305,5628,1000,65164800,,,,,,0,19ae593bca674ed021662ba92383cb467e583279,,/tmp/p01-d1-20260919-1irHPs/artifacts/d1_pu_20260919/diagnostics/MLP8/seed_42,/tmp/p01-d1-20260919-1irHPs/artifacts/d1_pu_20260919/diagnostics/MLP8/seed_42/result_scope.json
MLP8,42,diagnostic,source_materialization,completed,measured,4.569922924973071,source_materialization_seconds,source waveform read and deterministic windows,323,5628,5305,5628,1000,65164800,,,,,,0,19ae593bca674ed021662ba92383cb467e583279,,/tmp/p01-d1-20260919-1irHPs/artifacts/d1_pu_20260919/diagnostics/MLP8/seed_42,/tmp/p01-d1-20260919-1irHPs/artifacts/d1_pu_20260919/diagnostics/MLP8/seed_42/result_scope.json
MLP8,42,diagnostic,process,completed,measured,91.55855693499325,wall_seconds,whole invocation monotonic timer; includes startup and I/O; overlaps internal timers,323,5628,5305,5628,1000,65164800,,,,,,0,19ae593bca674ed021662ba92383cb467e583279,,/tmp/p01-d1-20260919-1irHPs/artifacts/d1_pu_20260919/diagnostics/MLP8/seed_42,/tmp/p01-d1-20260919-1irHPs/artifacts/d1_pu_20260919/diagnostics/MLP8/seed_42/execution_status.json
linear,42,diagnostic,fit,completed,measured,43.18544459581608,training_seconds,training loop including forward/backward/update,111,5416,5305,5416,1000,65153024,source_fit,15,900,1800,900,0,19ae593bca674ed021662ba92383cb467e583279,,/tmp/p01-d1-20260919-1irHPs/artifacts/d1_pu_20260919/diagnostics/linear/seed_42,/tmp/p01-d1-20260919-1irHPs/artifacts/d1_pu_20260919/diagnostics/linear/seed_42/result_scope.json
linear,42,diagnostic,source_selection,completed,measured,20.481966786959674,source_selection_seconds,per-epoch source-validation evaluation and checkpoint score,111,5416,5305,5416,1000,65153024,source_selection,5,300,600,300,0,19ae593bca674ed021662ba92383cb467e583279,,/tmp/p01-d1-20260919-1irHPs/artifacts/d1_pu_20260919/diagnostics/linear/seed_42,/tmp/p01-d1-20260919-1irHPs/artifacts/d1_pu_20260919/diagnostics/linear/seed_42/result_scope.json
linear,42,diagnostic,export,completed,missing,,export_seconds,selected checkpoint/validation artifact writes,111,5416,5305,5416,1000,65153024,,,,,,0,19ae593bca674ed021662ba92383cb467e583279,,/tmp/p01-d1-20260919-1irHPs/artifacts/d1_pu_20260919/diagnostics/linear/seed_42,/tmp/p01-d1-20260919-1irHPs/artifacts/d1_pu_20260919/diagnostics/linear/seed_42/result_scope.json
linear,42,diagnostic,source_materialization,completed,measured,4.59602131601423,source_materialization_seconds,source waveform read and deterministic windows,111,5416,5305,5416,1000,65153024,,,,,,0,19ae593bca674ed021662ba92383cb467e583279,,/tmp/p01-d1-20260919-1irHPs/artifacts/d1_pu_20260919/diagnostics/linear/seed_42,/tmp/p01-d1-20260919-1irHPs/artifacts/d1_pu_20260919/diagnostics/linear/seed_42/result_scope.json
linear,42,diagnostic,process,completed,measured,83.54011793801328,wall_seconds,whole invocation monotonic timer; includes startup and I/O; overlaps internal timers,111,5416,5305,5416,1000,65153024,,,,,,0,19ae593bca674ed021662ba92383cb467e583279,,/tmp/p01-d1-20260919-1irHPs/artifacts/d1_pu_20260919/diagnostics/linear/seed_42,/tmp/p01-d1-20260919-1irHPs/artifacts/d1_pu_20260919/diagnostics/linear/seed_42/execution_status.json
only_chirplet_up,42,diagnostic,fit,completed,measured,43.05534079694189,training_seconds,training loop including forward/backward/update,207,5512,5305,5512,1000,65165312,source_fit,15,900,1800,900,0,19ae593bca674ed021662ba92383cb467e583279,,/tmp/p01-d1-20260919-1irHPs/artifacts/d1_pu_20260919/diagnostics/only_chirplet_up/seed_42,/tmp/p01-d1-20260919-1irHPs/artifacts/d1_pu_20260919/diagnostics/only_chirplet_up/seed_42/result_scope.json
only_chirplet_up,42,diagnostic,source_selection,completed,measured,19.901692449115217,source_selection_seconds,per-epoch source-validation evaluation and checkpoint score,207,5512,5305,5512,1000,65165312,source_selection,5,300,600,300,0,19ae593bca674ed021662ba92383cb467e583279,,/tmp/p01-d1-20260919-1irHPs/artifacts/d1_pu_20260919/diagnostics/only_chirplet_up/seed_42,/tmp/p01-d1-20260919-1irHPs/artifacts/d1_pu_20260919/diagnostics/only_chirplet_up/seed_42/result_scope.json
only_chirplet_up,42,diagnostic,export,completed,missing,,export_seconds,selected checkpoint/validation artifact writes,207,5512,5305,5512,1000,65165312,,,,,,0,19ae593bca674ed021662ba92383cb467e583279,,/tmp/p01-d1-20260919-1irHPs/artifacts/d1_pu_20260919/diagnostics/only_chirplet_up/seed_42,/tmp/p01-d1-20260919-1irHPs/artifacts/d1_pu_20260919/diagnostics/only_chirplet_up/seed_42/result_scope.json
only_chirplet_up,42,diagnostic,source_materialization,completed,measured,4.411489545018412,source_materialization_seconds,source waveform read and deterministic windows,207,5512,5305,5512,1000,65165312,,,,,,0,19ae593bca674ed021662ba92383cb467e583279,,/tmp/p01-d1-20260919-1irHPs/artifacts/d1_pu_20260919/diagnostics/only_chirplet_up/seed_42,/tmp/p01-d1-20260919-1irHPs/artifacts/d1_pu_20260919/diagnostics/only_chirplet_up/seed_42/result_scope.json
only_chirplet_up,42,diagnostic,process,completed,measured,83.03584251203574,wall_seconds,whole invocation monotonic timer; includes startup and I/O; overlaps internal timers,207,5512,5305,5512,1000,65165312,,,,,,0,19ae593bca674ed021662ba92383cb467e583279,,/tmp/p01-d1-20260919-1irHPs/artifacts/d1_pu_20260919/diagnostics/only_chirplet_up/seed_42,/tmp/p01-d1-20260919-1irHPs/artifacts/d1_pu_20260919/diagnostics/only_chirplet_up/seed_42/execution_status.json
only_envelope,42,diagnostic,fit,completed,measured,52.02682156889932,training_seconds,training loop including forward/backward/update,145,5450,5305,5450,1000,70619136,source_fit,15,900,1800,900,0,19ae593bca674ed021662ba92383cb467e583279,,/tmp/p01-d1-20260919-1irHPs/artifacts/d1_pu_20260919/diagnostics/only_envelope/seed_42,/tmp/p01-d1-20260919-1irHPs/artifacts/d1_pu_20260919/diagnostics/only_envelope/seed_42/result_scope.json
only_envelope,42,diagnostic,source_selection,completed,measured,28.238714896026067,source_selection_seconds,per-epoch source-validation evaluation and checkpoint score,145,5450,5305,5450,1000,70619136,source_selection,5,300,600,300,0,19ae593bca674ed021662ba92383cb467e583279,,/tmp/p01-d1-20260919-1irHPs/artifacts/d1_pu_20260919/diagnostics/only_envelope/seed_42,/tmp/p01-d1-20260919-1irHPs/artifacts/d1_pu_20260919/diagnostics/only_envelope/seed_42/result_scope.json
only_envelope,42,diagnostic,export,completed,missing,,export_seconds,selected checkpoint/validation artifact writes,145,5450,5305,5450,1000,70619136,,,,,,0,19ae593bca674ed021662ba92383cb467e583279,,/tmp/p01-d1-20260919-1irHPs/artifacts/d1_pu_20260919/diagnostics/only_envelope/seed_42,/tmp/p01-d1-20260919-1irHPs/artifacts/d1_pu_20260919/diagnostics/only_envelope/seed_42/result_scope.json
only_envelope,42,diagnostic,source_materialization,completed,measured,4.554782110964879,source_materialization_seconds,source waveform read and deterministic windows,145,5450,5305,5450,1000,70619136,,,,,,0,19ae593bca674ed021662ba92383cb467e583279,,/tmp/p01-d1-20260919-1irHPs/artifacts/d1_pu_20260919/diagnostics/only_envelope/seed_42,/tmp/p01-d1-20260919-1irHPs/artifacts/d1_pu_20260919/diagnostics/only_envelope/seed_42/result_scope.json
only_envelope,42,diagnostic,process,completed,measured,100.9287741369917,wall_seconds,whole invocation monotonic timer; includes startup and I/O; overlaps internal timers,145,5450,5305,5450,1000,70619136,,,,,,0,19ae593bca674ed021662ba92383cb467e583279,,/tmp/p01-d1-20260919-1irHPs/artifacts/d1_pu_20260919/diagnostics/only_envelope/seed_42,/tmp/p01-d1-20260919-1irHPs/artifacts/d1_pu_20260919/diagnostics/only_envelope/seed_42/execution_status.json
only_mexican_hat,42,diagnostic,fit,completed,measured,41.286116428964306,training_seconds,training loop including forward/backward/update,207,5512,5305,5512,1000,65164800,source_fit,15,900,1800,900,0,19ae593bca674ed021662ba92383cb467e583279,,/tmp/p01-d1-20260919-1irHPs/artifacts/d1_pu_20260919/diagnostics/only_mexican_hat/seed_42,/tmp/p01-d1-20260919-1irHPs/artifacts/d1_pu_20260919/diagnostics/only_mexican_hat/seed_42/result_scope.json
only_mexican_hat,42,diagnostic,source_selection,completed,measured,22.712433762906585,source_selection_seconds,per-epoch source-validation evaluation and checkpoint score,207,5512,5305,5512,1000,65164800,source_selection,5,300,600,300,0,19ae593bca674ed021662ba92383cb467e583279,,/tmp/p01-d1-20260919-1irHPs/artifacts/d1_pu_20260919/diagnostics/only_mexican_hat/seed_42,/tmp/p01-d1-20260919-1irHPs/artifacts/d1_pu_20260919/diagnostics/only_mexican_hat/seed_42/result_scope.json
only_mexican_hat,42,diagnostic,export,completed,missing,,export_seconds,selected checkpoint/validation artifact writes,207,5512,5305,5512,1000,65164800,,,,,,0,19ae593bca674ed021662ba92383cb467e583279,,/tmp/p01-d1-20260919-1irHPs/artifacts/d1_pu_20260919/diagnostics/only_mexican_hat/seed_42,/tmp/p01-d1-20260919-1irHPs/artifacts/d1_pu_20260919/diagnostics/only_mexican_hat/seed_42/result_scope.json
only_mexican_hat,42,diagnostic,source_materialization,completed,measured,25.721256006974727,source_materialization_seconds,source waveform read and deterministic windows,207,5512,5305,5512,1000,65164800,,,,,,0,19ae593bca674ed021662ba92383cb467e583279,,/tmp/p01-d1-20260919-1irHPs/artifacts/d1_pu_20260919/diagnostics/only_mexican_hat/seed_42,/tmp/p01-d1-20260919-1irHPs/artifacts/d1_pu_20260919/diagnostics/only_mexican_hat/seed_42/result_scope.json
only_mexican_hat,42,diagnostic,process,completed,measured,105.9782043400337,wall_seconds,whole invocation monotonic timer; includes startup and I/O; overlaps internal timers,207,5512,5305,5512,1000,65164800,,,,,,0,19ae593bca674ed021662ba92383cb467e583279,,/tmp/p01-d1-20260919-1irHPs/artifacts/d1_pu_20260919/diagnostics/only_mexican_hat/seed_42,/tmp/p01-d1-20260919-1irHPs/artifacts/d1_pu_20260919/diagnostics/only_mexican_hat/seed_42/execution_status.json
only_morlet,42,diagnostic,fit,completed,measured,62.11766319407616,training_seconds,training loop including forward/backward/update,207,5512,5305,5512,1000,65167872,source_fit,15,900,1800,900,0,19ae593bca674ed021662ba92383cb467e583279,,/tmp/p01-d1-20260919-1irHPs/artifacts/d1_pu_20260919/diagnostics/only_morlet/seed_42,/tmp/p01-d1-20260919-1irHPs/artifacts/d1_pu_20260919/diagnostics/only_morlet/seed_42/result_scope.json
only_morlet,42,diagnostic,source_selection,completed,measured,36.33789038803661,source_selection_seconds,per-epoch source-validation evaluation and checkpoint score,207,5512,5305,5512,1000,65167872,source_selection,5,300,600,300,0,19ae593bca674ed021662ba92383cb467e583279,,/tmp/p01-d1-20260919-1irHPs/artifacts/d1_pu_20260919/diagnostics/only_morlet/seed_42,/tmp/p01-d1-20260919-1irHPs/artifacts/d1_pu_20260919/diagnostics/only_morlet/seed_42/result_scope.json
only_morlet,42,diagnostic,export,completed,missing,,export_seconds,selected checkpoint/validation artifact writes,207,5512,5305,5512,1000,65167872,,,,,,0,19ae593bca674ed021662ba92383cb467e583279,,/tmp/p01-d1-20260919-1irHPs/artifacts/d1_pu_20260919/diagnostics/only_morlet/seed_42,/tmp/p01-d1-20260919-1irHPs/artifacts/d1_pu_20260919/diagnostics/only_morlet/seed_42/result_scope.json
only_morlet,42,diagnostic,source_materialization,completed,measured,118.39691385399783,source_materialization_seconds,source waveform read and deterministic windows,207,5512,5305,5512,1000,65167872,,,,,,0,19ae593bca674ed021662ba92383cb467e583279,,/tmp/p01-d1-20260919-1irHPs/artifacts/d1_pu_20260919/diagnostics/only_morlet/seed_42,/tmp/p01-d1-20260919-1irHPs/artifacts/d1_pu_20260919/diagnostics/only_morlet/seed_42/result_scope.json
only_morlet,42,diagnostic,process,completed,measured,233.50445505505195,wall_seconds,whole invocation monotonic timer; includes startup and I/O; overlaps internal timers,207,5512,5305,5512,1000,65167872,,,,,,0,19ae593bca674ed021662ba92383cb467e583279,,/tmp/p01-d1-20260919-1irHPs/artifacts/d1_pu_20260919/diagnostics/only_morlet/seed_42,/tmp/p01-d1-20260919-1irHPs/artifacts/d1_pu_20260919/diagnostics/only_morlet/seed_42/execution_status.json
only_stft_long,42,diagnostic,fit,completed,measured,54.19908445084002,training_seconds,training loop including forward/backward/update,303,5608,5305,5608,1000,65165824,source_fit,15,900,1800,900,0,19ae593bca674ed021662ba92383cb467e583279,,/tmp/p01-d1-20260919-1irHPs/artifacts/d1_pu_20260919/diagnostics/only_stft_long/seed_42,/tmp/p01-d1-20260919-1irHPs/artifacts/d1_pu_20260919/diagnostics/only_stft_long/seed_42/result_scope.json
only_stft_long,42,diagnostic,source_selection,completed,measured,30.3966305917711,source_selection_seconds,per-epoch source-validation evaluation and checkpoint score,303,5608,5305,5608,1000,65165824,source_selection,5,300,600,300,0,19ae593bca674ed021662ba92383cb467e583279,,/tmp/p01-d1-20260919-1irHPs/artifacts/d1_pu_20260919/diagnostics/only_stft_long/seed_42,/tmp/p01-d1-20260919-1irHPs/artifacts/d1_pu_20260919/diagnostics/only_stft_long/seed_42/result_scope.json
only_stft_long,42,diagnostic,export,completed,missing,,export_seconds,selected checkpoint/validation artifact writes,303,5608,5305,5608,1000,65165824,,,,,,0,19ae593bca674ed021662ba92383cb467e583279,,/tmp/p01-d1-20260919-1irHPs/artifacts/d1_pu_20260919/diagnostics/only_stft_long/seed_42,/tmp/p01-d1-20260919-1irHPs/artifacts/d1_pu_20260919/diagnostics/only_stft_long/seed_42/result_scope.json
only_stft_long,42,diagnostic,source_materialization,completed,measured,14.757110489008483,source_materialization_seconds,source waveform read and deterministic windows,303,5608,5305,5608,1000,65165824,,,,,,0,19ae593bca674ed021662ba92383cb467e583279,,/tmp/p01-d1-20260919-1irHPs/artifacts/d1_pu_20260919/diagnostics/only_stft_long/seed_42,/tmp/p01-d1-20260919-1irHPs/artifacts/d1_pu_20260919/diagnostics/only_stft_long/seed_42/result_scope.json
only_stft_long,42,diagnostic,process,completed,measured,116.58663062099367,wall_seconds,whole invocation monotonic timer; includes startup and I/O; overlaps internal timers,303,5608,5305,5608,1000,65165824,,,,,,0,19ae593bca674ed021662ba92383cb467e583279,,/tmp/p01-d1-20260919-1irHPs/artifacts/d1_pu_20260919/diagnostics/only_stft_long/seed_42,/tmp/p01-d1-20260919-1irHPs/artifacts/d1_pu_20260919/diagnostics/only_stft_long/seed_42/execution_status.json
only_stft_short,42,diagnostic,fit,completed,measured,48.01658728014445,training_seconds,training loop including forward/backward/update,303,5608,5305,5608,1000,65165312,source_fit,15,900,1800,900,0,19ae593bca674ed021662ba92383cb467e583279,,/tmp/p01-d1-20260919-1irHPs/artifacts/d1_pu_20260919/diagnostics/only_stft_short/seed_42,/tmp/p01-d1-20260919-1irHPs/artifacts/d1_pu_20260919/diagnostics/only_stft_short/seed_42/result_scope.json
only_stft_short,42,diagnostic,source_selection,completed,measured,26.147478770872112,source_selection_seconds,per-epoch source-validation evaluation and checkpoint score,303,5608,5305,5608,1000,65165312,source_selection,5,300,600,300,0,19ae593bca674ed021662ba92383cb467e583279,,/tmp/p01-d1-20260919-1irHPs/artifacts/d1_pu_20260919/diagnostics/only_stft_short/seed_42,/tmp/p01-d1-20260919-1irHPs/artifacts/d1_pu_20260919/diagnostics/only_stft_short/seed_42/result_scope.json
only_stft_short,42,diagnostic,export,completed,missing,,export_seconds,selected checkpoint/validation artifact writes,303,5608,5305,5608,1000,65165312,,,,,,0,19ae593bca674ed021662ba92383cb467e583279,,/tmp/p01-d1-20260919-1irHPs/artifacts/d1_pu_20260919/diagnostics/only_stft_short/seed_42,/tmp/p01-d1-20260919-1irHPs/artifacts/d1_pu_20260919/diagnostics/only_stft_short/seed_42/result_scope.json
only_stft_short,42,diagnostic,source_materialization,completed,measured,11.017152138985693,source_materialization_seconds,source waveform read and deterministic windows,303,5608,5305,5608,1000,65165312,,,,,,0,19ae593bca674ed021662ba92383cb467e583279,,/tmp/p01-d1-20260919-1irHPs/artifacts/d1_pu_20260919/diagnostics/only_stft_short/seed_42,/tmp/p01-d1-20260919-1irHPs/artifacts/d1_pu_20260919/diagnostics/only_stft_short/seed_42/result_scope.json
only_stft_short,42,diagnostic,process,completed,measured,103.80195003002882,wall_seconds,whole invocation monotonic timer; includes startup and I/O; overlaps internal timers,303,5608,5305,5608,1000,65165312,,,,,,0,19ae593bca674ed021662ba92383cb467e583279,,/tmp/p01-d1-20260919-1irHPs/artifacts/d1_pu_20260919/diagnostics/only_stft_short/seed_42,/tmp/p01-d1-20260919-1irHPs/artifacts/d1_pu_20260919/diagnostics/only_stft_short/seed_42/execution_status.json
only_stockwell,42,diagnostic,fit,completed,measured,48.27780297002755,training_seconds,training loop including forward/backward/update,231,5536,5305,5536,1000,65173504,source_fit,15,900,1800,900,0,19ae593bca674ed021662ba92383cb467e583279,,/tmp/p01-d1-20260919-1irHPs/artifacts/d1_pu_20260919/diagnostics/only_stockwell/seed_42,/tmp/p01-d1-20260919-1irHPs/artifacts/d1_pu_20260919/diagnostics/only_stockwell/seed_42/result_scope.json
only_stockwell,42,diagnostic,source_selection,completed,measured,28.092873631219845,source_selection_seconds,per-epoch source-validation evaluation and checkpoint score,231,5536,5305,5536,1000,65173504,source_selection,5,300,600,300,0,19ae593bca674ed021662ba92383cb467e583279,,/tmp/p01-d1-20260919-1irHPs/artifacts/d1_pu_20260919/diagnostics/only_stockwell/seed_42,/tmp/p01-d1-20260919-1irHPs/artifacts/d1_pu_20260919/diagnostics/only_stockwell/seed_42/result_scope.json
only_stockwell,42,diagnostic,export,completed,missing,,export_seconds,selected checkpoint/validation artifact writes,231,5536,5305,5536,1000,65173504,,,,,,0,19ae593bca674ed021662ba92383cb467e583279,,/tmp/p01-d1-20260919-1irHPs/artifacts/d1_pu_20260919/diagnostics/only_stockwell/seed_42,/tmp/p01-d1-20260919-1irHPs/artifacts/d1_pu_20260919/diagnostics/only_stockwell/seed_42/result_scope.json
only_stockwell,42,diagnostic,source_materialization,completed,measured,5.918441939982586,source_materialization_seconds,source waveform read and deterministic windows,231,5536,5305,5536,1000,65173504,,,,,,0,19ae593bca674ed021662ba92383cb467e583279,,/tmp/p01-d1-20260919-1irHPs/artifacts/d1_pu_20260919/diagnostics/only_stockwell/seed_42,/tmp/p01-d1-20260919-1irHPs/artifacts/d1_pu_20260919/diagnostics/only_stockwell/seed_42/result_scope.json
only_stockwell,42,diagnostic,process,completed,measured,101.8708725119941,wall_seconds,whole invocation monotonic timer; includes startup and I/O; overlaps internal timers,231,5536,5305,5536,1000,65173504,,,,,,0,19ae593bca674ed021662ba92383cb467e583279,,/tmp/p01-d1-20260919-1irHPs/artifacts/d1_pu_20260919/diagnostics/only_stockwell/seed_42,/tmp/p01-d1-20260919-1irHPs/artifacts/d1_pu_20260919/diagnostics/only_stockwell/seed_42/execution_status.json
ResNet1D,42,baseline,fit,completed,measured,34.42982412193669,training_seconds,training loop including forward/backward/update,3845443,3845443,5305,3850748,1000,621592576,source_fit,15,900,1800,900,0,19ae593bca674ed021662ba92383cb467e583279,,/tmp/p01-d1-20260919-1irHPs/artifacts/d1_pu_20260919/baselines/ResNet1D/seed_42,/tmp/p01-d1-20260919-1irHPs/artifacts/d1_pu_20260919/baselines/ResNet1D/seed_42/result_scope.json
ResNet1D,42,baseline,source_selection,completed,measured,45.213902276183944,selection_seconds,per-epoch source-validation evaluation and checkpoint score,3845443,3845443,5305,3850748,1000,621592576,source_selection,5,300,600,300,0,19ae593bca674ed021662ba92383cb467e583279,,/tmp/p01-d1-20260919-1irHPs/artifacts/d1_pu_20260919/baselines/ResNet1D/seed_42,/tmp/p01-d1-20260919-1irHPs/artifacts/d1_pu_20260919/baselines/ResNet1D/seed_42/result_scope.json
ResNet1D,42,baseline,export,completed,measured,0.0699896999867633,export_seconds,selected checkpoint/validation artifact writes,3845443,3845443,5305,3850748,1000,621592576,,,,,,0,19ae593bca674ed021662ba92383cb467e583279,,/tmp/p01-d1-20260919-1irHPs/artifacts/d1_pu_20260919/baselines/ResNet1D/seed_42,/tmp/p01-d1-20260919-1irHPs/artifacts/d1_pu_20260919/baselines/ResNet1D/seed_42/result_scope.json
ResNet1D,42,baseline,source_materialization,completed,missing,,source_materialization_seconds,source waveform read and deterministic windows,3845443,3845443,5305,3850748,1000,621592576,,,,,,0,19ae593bca674ed021662ba92383cb467e583279,,/tmp/p01-d1-20260919-1irHPs/artifacts/d1_pu_20260919/baselines/ResNet1D/seed_42,/tmp/p01-d1-20260919-1irHPs/artifacts/d1_pu_20260919/baselines/ResNet1D/seed_42/result_scope.json
ResNet1D,42,baseline,process,completed,measured,100.80689522495959,wall_seconds,whole invocation monotonic timer; includes startup and I/O; overlaps internal timers,3845443,3845443,5305,3850748,1000,621592576,,,,,,0,19ae593bca674ed021662ba92383cb467e583279,,/tmp/p01-d1-20260919-1irHPs/artifacts/d1_pu_20260919/baselines/ResNet1D/seed_42,/tmp/p01-d1-20260919-1irHPs/artifacts/d1_pu_20260919/baselines/ResNet1D/seed_42/execution_status.json
ResNet1D,123,baseline,fit,completed,measured,36.917100360034965,training_seconds,training loop including forward/backward/update,3845443,3845443,5305,3850748,1000,621592576,source_fit,15,900,1800,900,0,19ae593bca674ed021662ba92383cb467e583279,,/tmp/p01-d1-20260919-1irHPs/artifacts/d1_pu_20260919/baselines/ResNet1D/seed_123,/tmp/p01-d1-20260919-1irHPs/artifacts/d1_pu_20260919/baselines/ResNet1D/seed_123/result_scope.json
ResNet1D,123,baseline,source_selection,completed,measured,47.61569861712633,selection_seconds,per-epoch source-validation evaluation and checkpoint score,3845443,3845443,5305,3850748,1000,621592576,source_selection,5,300,600,300,0,19ae593bca674ed021662ba92383cb467e583279,,/tmp/p01-d1-20260919-1irHPs/artifacts/d1_pu_20260919/baselines/ResNet1D/seed_123,/tmp/p01-d1-20260919-1irHPs/artifacts/d1_pu_20260919/baselines/ResNet1D/seed_123/result_scope.json
ResNet1D,123,baseline,export,completed,measured,0.08137852902291343,export_seconds,selected checkpoint/validation artifact writes,3845443,3845443,5305,3850748,1000,621592576,,,,,,0,19ae593bca674ed021662ba92383cb467e583279,,/tmp/p01-d1-20260919-1irHPs/artifacts/d1_pu_20260919/baselines/ResNet1D/seed_123,/tmp/p01-d1-20260919-1irHPs/artifacts/d1_pu_20260919/baselines/ResNet1D/seed_123/result_scope.json
ResNet1D,123,baseline,source_materialization,completed,missing,,source_materialization_seconds,source waveform read and deterministic windows,3845443,3845443,5305,3850748,1000,621592576,,,,,,0,19ae593bca674ed021662ba92383cb467e583279,,/tmp/p01-d1-20260919-1irHPs/artifacts/d1_pu_20260919/baselines/ResNet1D/seed_123,/tmp/p01-d1-20260919-1irHPs/artifacts/d1_pu_20260919/baselines/ResNet1D/seed_123/result_scope.json
ResNet1D,123,baseline,process,completed,measured,105.10346353100613,wall_seconds,whole invocation monotonic timer; includes startup and I/O; overlaps internal timers,3845443,3845443,5305,3850748,1000,621592576,,,,,,0,19ae593bca674ed021662ba92383cb467e583279,,/tmp/p01-d1-20260919-1irHPs/artifacts/d1_pu_20260919/baselines/ResNet1D/seed_123,/tmp/p01-d1-20260919-1irHPs/artifacts/d1_pu_20260919/baselines/ResNet1D/seed_123/execution_status.json
ResNet1D,456,baseline,fit,completed,measured,34.22444861603435,training_seconds,training loop including forward/backward/update,3845443,3845443,5305,3850748,1000,621592576,source_fit,15,900,1800,900,0,19ae593bca674ed021662ba92383cb467e583279,,/tmp/p01-d1-20260919-1irHPs/artifacts/d1_pu_20260919/baselines/ResNet1D/seed_456,/tmp/p01-d1-20260919-1irHPs/artifacts/d1_pu_20260919/baselines/ResNet1D/seed_456/result_scope.json
ResNet1D,456,baseline,source_selection,completed,measured,40.68888463976327,selection_seconds,per-epoch source-validation evaluation and checkpoint score,3845443,3845443,5305,3850748,1000,621592576,source_selection,5,300,600,300,0,19ae593bca674ed021662ba92383cb467e583279,,/tmp/p01-d1-20260919-1irHPs/artifacts/d1_pu_20260919/baselines/ResNet1D/seed_456,/tmp/p01-d1-20260919-1irHPs/artifacts/d1_pu_20260919/baselines/ResNet1D/seed_456/result_scope.json
ResNet1D,456,baseline,export,completed,measured,0.14226026594405994,export_seconds,selected checkpoint/validation artifact writes,3845443,3845443,5305,3850748,1000,621592576,,,,,,0,19ae593bca674ed021662ba92383cb467e583279,,/tmp/p01-d1-20260919-1irHPs/artifacts/d1_pu_20260919/baselines/ResNet1D/seed_456,/tmp/p01-d1-20260919-1irHPs/artifacts/d1_pu_20260919/baselines/ResNet1D/seed_456/result_scope.json
ResNet1D,456,baseline,source_materialization,completed,missing,,source_materialization_seconds,source waveform read and deterministic windows,3845443,3845443,5305,3850748,1000,621592576,,,,,,0,19ae593bca674ed021662ba92383cb467e583279,,/tmp/p01-d1-20260919-1irHPs/artifacts/d1_pu_20260919/baselines/ResNet1D/seed_456,/tmp/p01-d1-20260919-1irHPs/artifacts/d1_pu_20260919/baselines/ResNet1D/seed_456/result_scope.json
ResNet1D,456,baseline,process,completed,measured,95.00048432900803,wall_seconds,whole invocation monotonic timer; includes startup and I/O; overlaps internal timers,3845443,3845443,5305,3850748,1000,621592576,,,,,,0,19ae593bca674ed021662ba92383cb467e583279,,/tmp/p01-d1-20260919-1irHPs/artifacts/d1_pu_20260919/baselines/ResNet1D/seed_456,/tmp/p01-d1-20260919-1irHPs/artifacts/d1_pu_20260919/baselines/ResNet1D/seed_456/execution_status.json
FIRNet,42,baseline,fit,blocked,not_run,,,,,,,,,,,,,,,,,No complete method or legal original FIRNet implementation available; official publisher access provides only abstract and section snippets. MCN and FIR-CCF are different methods and are not substituted.,,/tmp/p01-d1-20260919-1irHPs/artifacts/d1_pu_20260919/firnet_status.json
FIRNet,123,baseline,fit,blocked,not_run,,,,,,,,,,,,,,,,,No complete method or legal original FIRNet implementation available; official publisher access provides only abstract and section snippets. MCN and FIR-CCF are different methods and are not substituted.,,/tmp/p01-d1-20260919-1irHPs/artifacts/d1_pu_20260919/firnet_status.json
FIRNet,456,baseline,fit,blocked,not_run,,,,,,,,,,,,,,,,,No complete method or legal original FIRNet implementation available; official publisher access provides only abstract and section snippets. MCN and FIR-CCF are different methods and are not substituted.,,/tmp/p01-d1-20260919-1irHPs/artifacts/d1_pu_20260919/firnet_status.json
shared,,frozen_protocol,source_freeze_and_selection,completed,measured,107.19613257999299,source_selection_seconds,"all-candidate source inference, temperature/coefficient selection, bundle and prediction export",,,,,,,source_selection,5,300,600,300,,,,,/tmp/p01-d1-20260919-1irHPs/artifacts/d1_pu_20260919/frozen/F1.json
shared,,frozen_protocol,assessment_and_adoption,completed,measured,28.108324697008356,assessment_seconds,assessment predictions and decision plus deployment bundle and adopted-source prediction export,,,,,,,assessment,5,300,600,300,,,,,/tmp/p01-d1-20260919-1irHPs/artifacts/d1_pu_20260919/frozen/F2.json
shared,,frozen_protocol,test_export_invocation,completed,measured,165.10304714599624,inference_seconds,Wall time for this invocation; interrupted earlier invocations retain their logs.,,,,,,,test,7,559,1118,559,,,,,/tmp/p01-d1-20260919-1irHPs/artifacts/d1_pu_20260919/frozen/test/runtime.json
