arm,seed,role,path,measurement_status,median_ms,q1_ms,q3_ms,iqr_ms,peak_allocated_bytes,executed_parameters,total_loaded_parameters,device,gpu,dtype,input_shape,warmup,repeats,domain,split,io_boundary,deployment_kind,alpha,bundle,artifact
MLP16,42,source_selected,p0,measured,1.1449985031504184,1.0358165309298784,1.2271362647879869,0.19131973385810852,10452992,5305,5948,physical GPU0 / cuda:0,NVIDIA GeForce RTX 4090,torch.float32,"[1, 8192, 1]",20,100,2,validation,input already on GPU; excludes construction/checkpoint/data I/O,model,0.0,/tmp/p01-d1-20260919-1irHPs/artifacts/d1_pu_20260919/frozen/bundles/MLP16_seed42_source_selected.pt,/tmp/p01-d1-20260919-1irHPs/artifacts/d1_pu_20260919/latency/MLP16_seed42_source_selected/latency.json
MLP16,42,source_selected,direct_q,measured,1.5756769862491637,1.4642897731391713,1.6942605143412948,0.22997074120212346,10452992,5948,5948,physical GPU0 / cuda:0,NVIDIA GeForce RTX 4090,torch.float32,"[1, 8192, 1]",20,100,2,validation,input already on GPU; excludes construction/checkpoint/data I/O,model,0.0,/tmp/p01-d1-20260919-1irHPs/artifacts/d1_pu_20260919/frozen/bundles/MLP16_seed42_source_selected.pt,/tmp/p01-d1-20260919-1irHPs/artifacts/d1_pu_20260919/latency/MLP16_seed42_source_selected/latency.json
MLP16,42,source_selected,deployed,measured,1.0382144828327,0.9997854940593243,1.1480760149424896,0.1482905208831653,10452992,5305,5948,physical GPU0 / cuda:0,NVIDIA GeForce RTX 4090,torch.float32,"[1, 8192, 1]",20,100,2,validation,input already on GPU; excludes construction/checkpoint/data I/O,model,0.0,/tmp/p01-d1-20260919-1irHPs/artifacts/d1_pu_20260919/frozen/bundles/MLP16_seed42_source_selected.pt,/tmp/p01-d1-20260919-1irHPs/artifacts/d1_pu_20260919/latency/MLP16_seed42_source_selected/latency.json
MLP16,123,direct,p0,measured,0.953282491536811,0.9022842859849334,1.044580727466382,0.1422964414814487,10452992,5305,5948,physical GPU0 / cuda:0,NVIDIA GeForce RTX 4090,torch.float32,"[1, 8192, 1]",20,100,2,validation,input already on GPU; excludes construction/checkpoint/data I/O,model,1.0,/tmp/p01-d1-20260919-1irHPs/artifacts/d1_pu_20260919/frozen/bundles/MLP16_seed_123.pt,/tmp/p01-d1-20260919-1irHPs/artifacts/d1_pu_20260919/latency/MLP16_seed_123/latency.json
MLP16,123,direct,direct_q,measured,1.3867240049876273,1.2660347274504602,1.407942982041277,0.1419082545908168,10452992,5948,5948,physical GPU0 / cuda:0,NVIDIA GeForce RTX 4090,torch.float32,"[1, 8192, 1]",20,100,2,validation,input already on GPU; excludes construction/checkpoint/data I/O,model,1.0,/tmp/p01-d1-20260919-1irHPs/artifacts/d1_pu_20260919/frozen/bundles/MLP16_seed_123.pt,/tmp/p01-d1-20260919-1irHPs/artifacts/d1_pu_20260919/latency/MLP16_seed_123/latency.json
MLP16,123,direct,deployed,measured,1.6029014950618148,1.5414202498504892,1.6795712290331721,0.13815097918268293,10452992,5948,5948,physical GPU0 / cuda:0,NVIDIA GeForce RTX 4090,torch.float32,"[1, 8192, 1]",20,100,2,validation,input already on GPU; excludes construction/checkpoint/data I/O,model,1.0,/tmp/p01-d1-20260919-1irHPs/artifacts/d1_pu_20260919/frozen/bundles/MLP16_seed_123.pt,/tmp/p01-d1-20260919-1irHPs/artifacts/d1_pu_20260919/latency/MLP16_seed_123/latency.json
MLP16,42,direct,p0,measured,1.0289589990861714,0.9558134916005656,1.037251524394378,0.08143803279381245,10452992,5305,5948,physical GPU0 / cuda:0,NVIDIA GeForce RTX 4090,torch.float32,"[1, 8192, 1]",20,100,2,validation,input already on GPU; excludes construction/checkpoint/data I/O,model,1.0,/tmp/p01-d1-20260919-1irHPs/artifacts/d1_pu_20260919/frozen/bundles/MLP16_seed_42.pt,/tmp/p01-d1-20260919-1irHPs/artifacts/d1_pu_20260919/latency/MLP16_seed_42/latency.json
MLP16,42,direct,direct_q,measured,1.3819294690620154,1.2807125021936372,1.3901395141147077,0.10942701192107052,10452992,5948,5948,physical GPU0 / cuda:0,NVIDIA GeForce RTX 4090,torch.float32,"[1, 8192, 1]",20,100,2,validation,input already on GPU; excludes construction/checkpoint/data I/O,model,1.0,/tmp/p01-d1-20260919-1irHPs/artifacts/d1_pu_20260919/frozen/bundles/MLP16_seed_42.pt,/tmp/p01-d1-20260919-1irHPs/artifacts/d1_pu_20260919/latency/MLP16_seed_42/latency.json
MLP16,42,direct,deployed,measured,1.6343499883078039,1.625082004466094,1.6491877613589168,0.024105756892822683,10452992,5948,5948,physical GPU0 / cuda:0,NVIDIA GeForce RTX 4090,torch.float32,"[1, 8192, 1]",20,100,2,validation,input already on GPU; excludes construction/checkpoint/data I/O,model,1.0,/tmp/p01-d1-20260919-1irHPs/artifacts/d1_pu_20260919/frozen/bundles/MLP16_seed_42.pt,/tmp/p01-d1-20260919-1irHPs/artifacts/d1_pu_20260919/latency/MLP16_seed_42/latency.json
MLP16,456,direct,p0,measured,0.9679649956524372,0.9488132782280445,1.0903380170930177,0.1415247388649732,10452992,5305,5948,physical GPU0 / cuda:0,NVIDIA GeForce RTX 4090,torch.float32,"[1, 8192, 1]",20,100,2,validation,input already on GPU; excludes construction/checkpoint/data I/O,model,1.0,/tmp/p01-d1-20260919-1irHPs/artifacts/d1_pu_20260919/frozen/bundles/MLP16_seed_456.pt,/tmp/p01-d1-20260919-1irHPs/artifacts/d1_pu_20260919/latency/MLP16_seed_456/latency.json
MLP16,456,direct,direct_q,measured,1.324348006164655,1.3052554859314114,1.3888127577956766,0.0835572718642652,10452992,5948,5948,physical GPU0 / cuda:0,NVIDIA GeForce RTX 4090,torch.float32,"[1, 8192, 1]",20,100,2,validation,input already on GPU; excludes construction/checkpoint/data I/O,model,1.0,/tmp/p01-d1-20260919-1irHPs/artifacts/d1_pu_20260919/frozen/bundles/MLP16_seed_456.pt,/tmp/p01-d1-20260919-1irHPs/artifacts/d1_pu_20260919/latency/MLP16_seed_456/latency.json
MLP16,456,direct,deployed,measured,1.6263575234916061,1.6077032778412104,1.6722614673199132,0.06455818947870284,10452992,5948,5948,physical GPU0 / cuda:0,NVIDIA GeForce RTX 4090,torch.float32,"[1, 8192, 1]",20,100,2,validation,input already on GPU; excludes construction/checkpoint/data I/O,model,1.0,/tmp/p01-d1-20260919-1irHPs/artifacts/d1_pu_20260919/frozen/bundles/MLP16_seed_456.pt,/tmp/p01-d1-20260919-1irHPs/artifacts/d1_pu_20260919/latency/MLP16_seed_456/latency.json
O,42,source_selected,p0,measured,1.098579989047721,0.9828030015341938,1.4712520060129464,0.4884490044787526,10500096,5305,6242,physical GPU0 / cuda:0,NVIDIA GeForce RTX 4090,torch.float32,"[1, 8192, 1]",20,100,2,validation,input already on GPU; excludes construction/checkpoint/data I/O,model,0.0,/tmp/p01-d1-20260919-1irHPs/artifacts/d1_pu_20260919/frozen/bundles/O_seed42_source_selected.pt,/tmp/p01-d1-20260919-1irHPs/artifacts/d1_pu_20260919/latency/O_seed42_source_selected/latency.json
O,42,source_selected,direct_q,measured,5.93228152138181,5.815310767502524,6.06854101351928,0.2532302460167557,10500096,6242,6242,physical GPU0 / cuda:0,NVIDIA GeForce RTX 4090,torch.float32,"[1, 8192, 1]",20,100,2,validation,input already on GPU; excludes construction/checkpoint/data I/O,model,0.0,/tmp/p01-d1-20260919-1irHPs/artifacts/d1_pu_20260919/frozen/bundles/O_seed42_source_selected.pt,/tmp/p01-d1-20260919-1irHPs/artifacts/d1_pu_20260919/latency/O_seed42_source_selected/latency.json
O,42,source_selected,deployed,measured,1.0425445216242224,0.9728145087137818,1.0974795004585758,0.12466499174479395,10500096,5305,6242,physical GPU0 / cuda:0,NVIDIA GeForce RTX 4090,torch.float32,"[1, 8192, 1]",20,100,2,validation,input already on GPU; excludes construction/checkpoint/data I/O,model,0.0,/tmp/p01-d1-20260919-1irHPs/artifacts/d1_pu_20260919/frozen/bundles/O_seed42_source_selected.pt,/tmp/p01-d1-20260919-1irHPs/artifacts/d1_pu_20260919/latency/O_seed42_source_selected/latency.json
O,123,direct,p0,measured,1.0280070127919316,1.0167000000365078,1.0335265251342207,0.016826525097712874,10500096,5305,6242,physical GPU0 / cuda:0,NVIDIA GeForce RTX 4090,torch.float32,"[1, 8192, 1]",20,100,2,validation,input already on GPU; excludes construction/checkpoint/data I/O,model,1.0,/tmp/p01-d1-20260919-1irHPs/artifacts/d1_pu_20260919/frozen/bundles/O_seed_123.pt,/tmp/p01-d1-20260919-1irHPs/artifacts/d1_pu_20260919/latency/O_seed_123/latency.json
O,123,direct,direct_q,measured,5.466026515932754,5.334151253919117,5.746873983298428,0.4127227293793112,10500096,6242,6242,physical GPU0 / cuda:0,NVIDIA GeForce RTX 4090,torch.float32,"[1, 8192, 1]",20,100,2,validation,input already on GPU; excludes construction/checkpoint/data I/O,model,1.0,/tmp/p01-d1-20260919-1irHPs/artifacts/d1_pu_20260919/frozen/bundles/O_seed_123.pt,/tmp/p01-d1-20260919-1irHPs/artifacts/d1_pu_20260919/latency/O_seed_123/latency.json
O,123,direct,deployed,measured,5.994831997668371,5.600008269539103,6.252957027754746,0.6529487582156435,10500096,6242,6242,physical GPU0 / cuda:0,NVIDIA GeForce RTX 4090,torch.float32,"[1, 8192, 1]",20,100,2,validation,input already on GPU; excludes construction/checkpoint/data I/O,model,1.0,/tmp/p01-d1-20260919-1irHPs/artifacts/d1_pu_20260919/frozen/bundles/O_seed_123.pt,/tmp/p01-d1-20260919-1irHPs/artifacts/d1_pu_20260919/latency/O_seed_123/latency.json
O,42,direct,p0,measured,1.0730454814620316,0.9751085162861273,1.0912310099229217,0.11612249363679439,10500096,5305,6242,physical GPU0 / cuda:0,NVIDIA GeForce RTX 4090,torch.float32,"[1, 8192, 1]",20,100,2,validation,input already on GPU; excludes construction/checkpoint/data I/O,model,1.0,/tmp/p01-d1-20260919-1irHPs/artifacts/d1_pu_20260919/frozen/bundles/O_seed_42.pt,/tmp/p01-d1-20260919-1irHPs/artifacts/d1_pu_20260919/latency/O_seed_42/latency.json
O,42,direct,direct_q,measured,6.428896973375231,6.024817514116876,7.137627500924282,1.112809986807406,10500096,6242,6242,physical GPU0 / cuda:0,NVIDIA GeForce RTX 4090,torch.float32,"[1, 8192, 1]",20,100,2,validation,input already on GPU; excludes construction/checkpoint/data I/O,model,1.0,/tmp/p01-d1-20260919-1irHPs/artifacts/d1_pu_20260919/frozen/bundles/O_seed_42.pt,/tmp/p01-d1-20260919-1irHPs/artifacts/d1_pu_20260919/latency/O_seed_42/latency.json
O,42,direct,deployed,measured,6.025643495377153,5.599248499493115,6.178822994115762,0.5795744946226478,10500096,6242,6242,physical GPU0 / cuda:0,NVIDIA GeForce RTX 4090,torch.float32,"[1, 8192, 1]",20,100,2,validation,input already on GPU; excludes construction/checkpoint/data I/O,model,1.0,/tmp/p01-d1-20260919-1irHPs/artifacts/d1_pu_20260919/frozen/bundles/O_seed_42.pt,/tmp/p01-d1-20260919-1irHPs/artifacts/d1_pu_20260919/latency/O_seed_42/latency.json
O,456,direct,p0,measured,1.3300864957273006,1.3163304683985189,1.3448562676785514,0.028525799280032516,10500096,5305,6242,physical GPU0 / cuda:0,NVIDIA GeForce RTX 4090,torch.float32,"[1, 8192, 1]",20,100,2,validation,input already on GPU; excludes construction/checkpoint/data I/O,model,1.0,/tmp/p01-d1-20260919-1irHPs/artifacts/d1_pu_20260919/frozen/bundles/O_seed_456.pt,/tmp/p01-d1-20260919-1irHPs/artifacts/d1_pu_20260919/latency/O_seed_456/latency.json
O,456,direct,direct_q,measured,5.314750509569421,5.228729743976146,5.412753002019599,0.1840232580434531,10500096,6242,6242,physical GPU0 / cuda:0,NVIDIA GeForce RTX 4090,torch.float32,"[1, 8192, 1]",20,100,2,validation,input already on GPU; excludes construction/checkpoint/data I/O,model,1.0,/tmp/p01-d1-20260919-1irHPs/artifacts/d1_pu_20260919/frozen/bundles/O_seed_456.pt,/tmp/p01-d1-20260919-1irHPs/artifacts/d1_pu_20260919/latency/O_seed_456/latency.json
O,456,direct,deployed,measured,5.576963478233665,5.5317127698799595,5.622285010758787,0.09057224087882787,10500096,6242,6242,physical GPU0 / cuda:0,NVIDIA GeForce RTX 4090,torch.float32,"[1, 8192, 1]",20,100,2,validation,input already on GPU; excludes construction/checkpoint/data I/O,model,1.0,/tmp/p01-d1-20260919-1irHPs/artifacts/d1_pu_20260919/frozen/bundles/O_seed_456.pt,/tmp/p01-d1-20260919-1irHPs/artifacts/d1_pu_20260919/latency/O_seed_456/latency.json
RC,42,source_selected,p0,measured,1.1590964859351516,1.1397747584851459,1.1759092449210584,0.03613448643591255,10500096,5305,6242,physical GPU0 / cuda:0,NVIDIA GeForce RTX 4090,torch.float32,"[1, 8192, 1]",20,100,2,validation,input already on GPU; excludes construction/checkpoint/data I/O,model,0.0,/tmp/p01-d1-20260919-1irHPs/artifacts/d1_pu_20260919/frozen/bundles/RC_seed42_source_selected.pt,/tmp/p01-d1-20260919-1irHPs/artifacts/d1_pu_20260919/latency/RC_seed42_source_selected/latency.json
RC,42,source_selected,direct_q,measured,5.909516999963671,5.84646149945911,5.991282232571393,0.14482073311228305,10500096,6242,6242,physical GPU0 / cuda:0,NVIDIA GeForce RTX 4090,torch.float32,"[1, 8192, 1]",20,100,2,validation,input already on GPU; excludes construction/checkpoint/data I/O,model,0.0,/tmp/p01-d1-20260919-1irHPs/artifacts/d1_pu_20260919/frozen/bundles/RC_seed42_source_selected.pt,/tmp/p01-d1-20260919-1irHPs/artifacts/d1_pu_20260919/latency/RC_seed42_source_selected/latency.json
RC,42,source_selected,deployed,measured,1.1599705030675977,1.0284757590852678,1.193193020299077,0.16471726121380925,10500096,5305,6242,physical GPU0 / cuda:0,NVIDIA GeForce RTX 4090,torch.float32,"[1, 8192, 1]",20,100,2,validation,input already on GPU; excludes construction/checkpoint/data I/O,model,0.0,/tmp/p01-d1-20260919-1irHPs/artifacts/d1_pu_20260919/frozen/bundles/RC_seed42_source_selected.pt,/tmp/p01-d1-20260919-1irHPs/artifacts/d1_pu_20260919/latency/RC_seed42_source_selected/latency.json
RC,123,direct,p0,measured,1.1595874966587871,1.1406592529965565,1.2123505148338154,0.07169126183725893,10500096,5305,6242,physical GPU0 / cuda:0,NVIDIA GeForce RTX 4090,torch.float32,"[1, 8192, 1]",20,100,2,validation,input already on GPU; excludes construction/checkpoint/data I/O,model,1.0,/tmp/p01-d1-20260919-1irHPs/artifacts/d1_pu_20260919/frozen/bundles/RC_seed_123.pt,/tmp/p01-d1-20260919-1irHPs/artifacts/d1_pu_20260919/latency/RC_seed_123/latency.json
RC,123,direct,direct_q,measured,6.00911898072809,5.861160505446605,6.308306226856075,0.44714572140946984,10500096,6242,6242,physical GPU0 / cuda:0,NVIDIA GeForce RTX 4090,torch.float32,"[1, 8192, 1]",20,100,2,validation,input already on GPU; excludes construction/checkpoint/data I/O,model,1.0,/tmp/p01-d1-20260919-1irHPs/artifacts/d1_pu_20260919/frozen/bundles/RC_seed_123.pt,/tmp/p01-d1-20260919-1irHPs/artifacts/d1_pu_20260919/latency/RC_seed_123/latency.json
RC,123,direct,deployed,measured,6.397327466402203,6.173453002702445,6.534909480251372,0.36145647754892707,10500096,6242,6242,physical GPU0 / cuda:0,NVIDIA GeForce RTX 4090,torch.float32,"[1, 8192, 1]",20,100,2,validation,input already on GPU; excludes construction/checkpoint/data I/O,model,1.0,/tmp/p01-d1-20260919-1irHPs/artifacts/d1_pu_20260919/frozen/bundles/RC_seed_123.pt,/tmp/p01-d1-20260919-1irHPs/artifacts/d1_pu_20260919/latency/RC_seed_123/latency.json
RC,42,direct,p0,measured,1.029765495331958,0.9538775047985837,1.1033160117221996,0.14943850692361593,10500096,5305,6242,physical GPU0 / cuda:0,NVIDIA GeForce RTX 4090,torch.float32,"[1, 8192, 1]",20,100,2,validation,input already on GPU; excludes construction/checkpoint/data I/O,model,1.0,/tmp/p01-d1-20260919-1irHPs/artifacts/d1_pu_20260919/frozen/bundles/RC_seed_42.pt,/tmp/p01-d1-20260919-1irHPs/artifacts/d1_pu_20260919/latency/RC_seed_42/latency.json
RC,42,direct,direct_q,measured,6.114956457167864,5.87759877089411,6.50186299753841,0.6242642266442999,10500096,6242,6242,physical GPU0 / cuda:0,NVIDIA GeForce RTX 4090,torch.float32,"[1, 8192, 1]",20,100,2,validation,input already on GPU; excludes construction/checkpoint/data I/O,model,1.0,/tmp/p01-d1-20260919-1irHPs/artifacts/d1_pu_20260919/frozen/bundles/RC_seed_42.pt,/tmp/p01-d1-20260919-1irHPs/artifacts/d1_pu_20260919/latency/RC_seed_42/latency.json
RC,42,direct,deployed,measured,6.602634966839105,6.344521025312133,6.9998620165279135,0.6553409912157804,10500096,6242,6242,physical GPU0 / cuda:0,NVIDIA GeForce RTX 4090,torch.float32,"[1, 8192, 1]",20,100,2,validation,input already on GPU; excludes construction/checkpoint/data I/O,model,1.0,/tmp/p01-d1-20260919-1irHPs/artifacts/d1_pu_20260919/frozen/bundles/RC_seed_42.pt,/tmp/p01-d1-20260919-1irHPs/artifacts/d1_pu_20260919/latency/RC_seed_42/latency.json
RC,456,direct,p0,measured,1.0754774848464876,1.0409429960418493,1.2176177551737055,0.17667475913185626,10500096,5305,6242,physical GPU0 / cuda:0,NVIDIA GeForce RTX 4090,torch.float32,"[1, 8192, 1]",20,100,2,validation,input already on GPU; excludes construction/checkpoint/data I/O,model,1.0,/tmp/p01-d1-20260919-1irHPs/artifacts/d1_pu_20260919/frozen/bundles/RC_seed_456.pt,/tmp/p01-d1-20260919-1irHPs/artifacts/d1_pu_20260919/latency/RC_seed_456/latency.json
RC,456,direct,direct_q,measured,6.105710490373895,5.919108501984738,6.349568982841447,0.4304604808567092,10500096,6242,6242,physical GPU0 / cuda:0,NVIDIA GeForce RTX 4090,torch.float32,"[1, 8192, 1]",20,100,2,validation,input already on GPU; excludes construction/checkpoint/data I/O,model,1.0,/tmp/p01-d1-20260919-1irHPs/artifacts/d1_pu_20260919/frozen/bundles/RC_seed_456.pt,/tmp/p01-d1-20260919-1irHPs/artifacts/d1_pu_20260919/latency/RC_seed_456/latency.json
RC,456,direct,deployed,measured,6.675524520687759,6.48829824058339,6.893279743962921,0.4049815033795312,10500096,6242,6242,physical GPU0 / cuda:0,NVIDIA GeForce RTX 4090,torch.float32,"[1, 8192, 1]",20,100,2,validation,input already on GPU; excludes construction/checkpoint/data I/O,model,1.0,/tmp/p01-d1-20260919-1irHPs/artifacts/d1_pu_20260919/frozen/bundles/RC_seed_456.pt,/tmp/p01-d1-20260919-1irHPs/artifacts/d1_pu_20260919/latency/RC_seed_456/latency.json
RO,123,direct,p0,measured,1.1618900171015412,1.0099767241626978,1.1931394838029519,0.18316275964025408,10500096,5305,6242,physical GPU0 / cuda:0,NVIDIA GeForce RTX 4090,torch.float32,"[1, 8192, 1]",20,100,2,validation,input already on GPU; excludes construction/checkpoint/data I/O,model,1.0,/tmp/p01-d1-20260919-1irHPs/artifacts/d1_pu_20260919/frozen/bundles/RO_seed_123.pt,/tmp/p01-d1-20260919-1irHPs/artifacts/d1_pu_20260919/latency/RO_seed_123/latency.json
RO,123,direct,direct_q,measured,6.124688487034291,5.862149249878712,6.301637025899254,0.4394877760205418,10500096,6242,6242,physical GPU0 / cuda:0,NVIDIA GeForce RTX 4090,torch.float32,"[1, 8192, 1]",20,100,2,validation,input already on GPU; excludes construction/checkpoint/data I/O,model,1.0,/tmp/p01-d1-20260919-1irHPs/artifacts/d1_pu_20260919/frozen/bundles/RO_seed_123.pt,/tmp/p01-d1-20260919-1irHPs/artifacts/d1_pu_20260919/latency/RO_seed_123/latency.json
RO,123,direct,deployed,measured,6.565932504599914,6.23805723444093,6.78477922338061,0.5467219889396802,10500096,6242,6242,physical GPU0 / cuda:0,NVIDIA GeForce RTX 4090,torch.float32,"[1, 8192, 1]",20,100,2,validation,input already on GPU; excludes construction/checkpoint/data I/O,model,1.0,/tmp/p01-d1-20260919-1irHPs/artifacts/d1_pu_20260919/frozen/bundles/RO_seed_123.pt,/tmp/p01-d1-20260919-1irHPs/artifacts/d1_pu_20260919/latency/RO_seed_123/latency.json
RO,42,direct,p0,measured,1.4500120014417917,1.408156254910864,1.5177929744822904,0.10963671957142651,10500096,5305,6242,physical GPU0 / cuda:0,NVIDIA GeForce RTX 4090,torch.float32,"[1, 8192, 1]",20,100,2,validation,input already on GPU; excludes construction/checkpoint/data I/O,model,1.0,/tmp/p01-d1-20260919-1irHPs/artifacts/d1_pu_20260919/frozen/bundles/RO_seed_42.pt,/tmp/p01-d1-20260919-1irHPs/artifacts/d1_pu_20260919/latency/RO_seed_42/latency.json
RO,42,direct,direct_q,measured,6.003993505146354,5.777595753897913,8.149808272719383,2.3722125188214704,10500096,6242,6242,physical GPU0 / cuda:0,NVIDIA GeForce RTX 4090,torch.float32,"[1, 8192, 1]",20,100,2,validation,input already on GPU; excludes construction/checkpoint/data I/O,model,1.0,/tmp/p01-d1-20260919-1irHPs/artifacts/d1_pu_20260919/frozen/bundles/RO_seed_42.pt,/tmp/p01-d1-20260919-1irHPs/artifacts/d1_pu_20260919/latency/RO_seed_42/latency.json
RO,42,direct,deployed,measured,6.705257517751306,6.488549479399808,6.957654521102086,0.46910504170227796,10500096,6242,6242,physical GPU0 / cuda:0,NVIDIA GeForce RTX 4090,torch.float32,"[1, 8192, 1]",20,100,2,validation,input already on GPU; excludes construction/checkpoint/data I/O,model,1.0,/tmp/p01-d1-20260919-1irHPs/artifacts/d1_pu_20260919/frozen/bundles/RO_seed_42.pt,/tmp/p01-d1-20260919-1irHPs/artifacts/d1_pu_20260919/latency/RO_seed_42/latency.json
RO,456,direct,p0,measured,1.0439964826218784,1.0256572277285159,1.0584065021248534,0.03274927439633757,10500096,5305,6242,physical GPU0 / cuda:0,NVIDIA GeForce RTX 4090,torch.float32,"[1, 8192, 1]",20,100,2,validation,input already on GPU; excludes construction/checkpoint/data I/O,model,1.0,/tmp/p01-d1-20260919-1irHPs/artifacts/d1_pu_20260919/frozen/bundles/RO_seed_456.pt,/tmp/p01-d1-20260919-1irHPs/artifacts/d1_pu_20260919/latency/RO_seed_456/latency.json
RO,456,direct,direct_q,measured,6.09084201278165,5.940787217696197,6.319492502370849,0.3787052846746519,10500096,6242,6242,physical GPU0 / cuda:0,NVIDIA GeForce RTX 4090,torch.float32,"[1, 8192, 1]",20,100,2,validation,input already on GPU; excludes construction/checkpoint/data I/O,model,1.0,/tmp/p01-d1-20260919-1irHPs/artifacts/d1_pu_20260919/frozen/bundles/RO_seed_456.pt,/tmp/p01-d1-20260919-1irHPs/artifacts/d1_pu_20260919/latency/RO_seed_456/latency.json
RO,456,direct,deployed,measured,6.4496554841753095,6.300832974375226,6.666989007499069,0.36615603312384337,10500096,6242,6242,physical GPU0 / cuda:0,NVIDIA GeForce RTX 4090,torch.float32,"[1, 8192, 1]",20,100,2,validation,input already on GPU; excludes construction/checkpoint/data I/O,model,1.0,/tmp/p01-d1-20260919-1irHPs/artifacts/d1_pu_20260919/frozen/bundles/RO_seed_456.pt,/tmp/p01-d1-20260919-1irHPs/artifacts/d1_pu_20260919/latency/RO_seed_456/latency.json
ResNet1D,123,direct,p0,measured,1.4541925047524273,1.3619227247545496,1.4869157603243366,0.12499303556978703,25884160,5305,3850748,physical GPU0 / cuda:0,NVIDIA GeForce RTX 4090,torch.float32,"[1, 8192, 1]",20,100,2,validation,input already on GPU; excludes construction/checkpoint/data I/O,model,1.0,/tmp/p01-d1-20260919-1irHPs/artifacts/d1_pu_20260919/frozen/bundles/ResNet1D_seed_123.pt,/tmp/p01-d1-20260919-1irHPs/artifacts/d1_pu_20260919/latency/ResNet1D_seed_123/latency.json
ResNet1D,123,direct,direct_q,measured,1.9945984822697937,1.7988735198741779,2.515011714422144,0.7161381945479661,30341632,3845443,3850748,physical GPU0 / cuda:0,NVIDIA GeForce RTX 4090,torch.float32,"[1, 8192, 1]",20,100,2,validation,input already on GPU; excludes construction/checkpoint/data I/O,model,1.0,/tmp/p01-d1-20260919-1irHPs/artifacts/d1_pu_20260919/frozen/bundles/ResNet1D_seed_123.pt,/tmp/p01-d1-20260919-1irHPs/artifacts/d1_pu_20260919/latency/ResNet1D_seed_123/latency.json
ResNet1D,123,direct,deployed,measured,1.753103017108515,1.6649735043756664,1.8377367669017985,0.17276326252613217,30341632,3845443,3850748,physical GPU0 / cuda:0,NVIDIA GeForce RTX 4090,torch.float32,"[1, 8192, 1]",20,100,2,validation,input already on GPU; excludes construction/checkpoint/data I/O,model,1.0,/tmp/p01-d1-20260919-1irHPs/artifacts/d1_pu_20260919/frozen/bundles/ResNet1D_seed_123.pt,/tmp/p01-d1-20260919-1irHPs/artifacts/d1_pu_20260919/latency/ResNet1D_seed_123/latency.json
ResNet1D,42,direct,p0,measured,1.0121820087078959,0.9857094846665859,1.1552702344488353,0.16956074978224933,25884160,5305,3850748,physical GPU0 / cuda:0,NVIDIA GeForce RTX 4090,torch.float32,"[1, 8192, 1]",20,100,2,validation,input already on GPU; excludes construction/checkpoint/data I/O,model,1.0,/tmp/p01-d1-20260919-1irHPs/artifacts/d1_pu_20260919/frozen/bundles/ResNet1D_seed_42.pt,/tmp/p01-d1-20260919-1irHPs/artifacts/d1_pu_20260919/latency/ResNet1D_seed_42/latency.json
ResNet1D,42,direct,direct_q,measured,1.760969520546496,1.7119902331614867,1.7865547561086714,0.07456452294718474,30341632,3845443,3850748,physical GPU0 / cuda:0,NVIDIA GeForce RTX 4090,torch.float32,"[1, 8192, 1]",20,100,2,validation,input already on GPU; excludes construction/checkpoint/data I/O,model,1.0,/tmp/p01-d1-20260919-1irHPs/artifacts/d1_pu_20260919/frozen/bundles/ResNet1D_seed_42.pt,/tmp/p01-d1-20260919-1irHPs/artifacts/d1_pu_20260919/latency/ResNet1D_seed_42/latency.json
ResNet1D,42,direct,deployed,measured,1.778383506461978,1.7337825120193884,1.7901479732245207,0.056365461205132306,30341632,3845443,3850748,physical GPU0 / cuda:0,NVIDIA GeForce RTX 4090,torch.float32,"[1, 8192, 1]",20,100,2,validation,input already on GPU; excludes construction/checkpoint/data I/O,model,1.0,/tmp/p01-d1-20260919-1irHPs/artifacts/d1_pu_20260919/frozen/bundles/ResNet1D_seed_42.pt,/tmp/p01-d1-20260919-1irHPs/artifacts/d1_pu_20260919/latency/ResNet1D_seed_42/latency.json
ResNet1D,456,direct,p0,measured,1.472429488785565,1.355201267870143,1.527748754597269,0.17254748672712594,25884160,5305,3850748,physical GPU0 / cuda:0,NVIDIA GeForce RTX 4090,torch.float32,"[1, 8192, 1]",20,100,2,validation,input already on GPU; excludes construction/checkpoint/data I/O,model,1.0,/tmp/p01-d1-20260919-1irHPs/artifacts/d1_pu_20260919/frozen/bundles/ResNet1D_seed_456.pt,/tmp/p01-d1-20260919-1irHPs/artifacts/d1_pu_20260919/latency/ResNet1D_seed_456/latency.json
ResNet1D,456,direct,direct_q,measured,2.7136630087625235,2.6274424890289083,2.75398425583262,0.12654176680371165,30341632,3845443,3850748,physical GPU0 / cuda:0,NVIDIA GeForce RTX 4090,torch.float32,"[1, 8192, 1]",20,100,2,validation,input already on GPU; excludes construction/checkpoint/data I/O,model,1.0,/tmp/p01-d1-20260919-1irHPs/artifacts/d1_pu_20260919/frozen/bundles/ResNet1D_seed_456.pt,/tmp/p01-d1-20260919-1irHPs/artifacts/d1_pu_20260919/latency/ResNet1D_seed_456/latency.json
ResNet1D,456,direct,deployed,measured,2.6029399887192994,2.568636744399555,2.7059097337769344,0.13727298937737942,30341632,3845443,3850748,physical GPU0 / cuda:0,NVIDIA GeForce RTX 4090,torch.float32,"[1, 8192, 1]",20,100,2,validation,input already on GPU; excludes construction/checkpoint/data I/O,model,1.0,/tmp/p01-d1-20260919-1irHPs/artifacts/d1_pu_20260919/frozen/bundles/ResNet1D_seed_456.pt,/tmp/p01-d1-20260919-1irHPs/artifacts/d1_pu_20260919/latency/ResNet1D_seed_456/latency.json
UO,123,direct,p0,measured,1.0970175208058208,1.0158872173633426,1.185222005005926,0.16933478764258325,10500096,5305,6242,physical GPU0 / cuda:0,NVIDIA GeForce RTX 4090,torch.float32,"[1, 8192, 1]",20,100,2,validation,input already on GPU; excludes construction/checkpoint/data I/O,model,1.0,/tmp/p01-d1-20260919-1irHPs/artifacts/d1_pu_20260919/frozen/bundles/UO_seed_123.pt,/tmp/p01-d1-20260919-1irHPs/artifacts/d1_pu_20260919/latency/UO_seed_123/latency.json
UO,123,direct,direct_q,measured,6.140354991657659,5.882270517759025,6.545337266288698,0.6630667485296726,10500096,6242,6242,physical GPU0 / cuda:0,NVIDIA GeForce RTX 4090,torch.float32,"[1, 8192, 1]",20,100,2,validation,input already on GPU; excludes construction/checkpoint/data I/O,model,1.0,/tmp/p01-d1-20260919-1irHPs/artifacts/d1_pu_20260919/frozen/bundles/UO_seed_123.pt,/tmp/p01-d1-20260919-1irHPs/artifacts/d1_pu_20260919/latency/UO_seed_123/latency.json
UO,123,direct,deployed,measured,6.329004012513906,6.104344240156934,6.507649493869394,0.4033052537124604,10500096,6242,6242,physical GPU0 / cuda:0,NVIDIA GeForce RTX 4090,torch.float32,"[1, 8192, 1]",20,100,2,validation,input already on GPU; excludes construction/checkpoint/data I/O,model,1.0,/tmp/p01-d1-20260919-1irHPs/artifacts/d1_pu_20260919/frozen/bundles/UO_seed_123.pt,/tmp/p01-d1-20260919-1irHPs/artifacts/d1_pu_20260919/latency/UO_seed_123/latency.json
UO,42,direct,p0,measured,1.031558495014906,1.011339743854478,1.0404202621430159,0.02908051828853786,10500096,5305,6242,physical GPU0 / cuda:0,NVIDIA GeForce RTX 4090,torch.float32,"[1, 8192, 1]",20,100,2,validation,input already on GPU; excludes construction/checkpoint/data I/O,model,1.0,/tmp/p01-d1-20260919-1irHPs/artifacts/d1_pu_20260919/frozen/bundles/UO_seed_42.pt,/tmp/p01-d1-20260919-1irHPs/artifacts/d1_pu_20260919/latency/UO_seed_42/latency.json
UO,42,direct,direct_q,measured,5.366861500078812,5.3184302523732185,5.470611489727162,0.1521812373539433,10500096,6242,6242,physical GPU0 / cuda:0,NVIDIA GeForce RTX 4090,torch.float32,"[1, 8192, 1]",20,100,2,validation,input already on GPU; excludes construction/checkpoint/data I/O,model,1.0,/tmp/p01-d1-20260919-1irHPs/artifacts/d1_pu_20260919/frozen/bundles/UO_seed_42.pt,/tmp/p01-d1-20260919-1irHPs/artifacts/d1_pu_20260919/latency/UO_seed_42/latency.json
UO,42,direct,deployed,measured,6.009773496771231,5.658367270370945,6.278012035181746,0.6196447648108006,10500096,6242,6242,physical GPU0 / cuda:0,NVIDIA GeForce RTX 4090,torch.float32,"[1, 8192, 1]",20,100,2,validation,input already on GPU; excludes construction/checkpoint/data I/O,model,1.0,/tmp/p01-d1-20260919-1irHPs/artifacts/d1_pu_20260919/frozen/bundles/UO_seed_42.pt,/tmp/p01-d1-20260919-1irHPs/artifacts/d1_pu_20260919/latency/UO_seed_42/latency.json
UO,456,direct,p0,measured,1.4096299710217863,1.3749482459388673,1.5342199912993237,0.1592717453604564,10500096,5305,6242,physical GPU0 / cuda:0,NVIDIA GeForce RTX 4090,torch.float32,"[1, 8192, 1]",20,100,2,validation,input already on GPU; excludes construction/checkpoint/data I/O,model,1.0,/tmp/p01-d1-20260919-1irHPs/artifacts/d1_pu_20260919/frozen/bundles/UO_seed_456.pt,/tmp/p01-d1-20260919-1irHPs/artifacts/d1_pu_20260919/latency/UO_seed_456/latency.json
UO,456,direct,direct_q,measured,8.325727481860667,8.242586976848543,8.45187998493202,0.20929300808347762,10500096,6242,6242,physical GPU0 / cuda:0,NVIDIA GeForce RTX 4090,torch.float32,"[1, 8192, 1]",20,100,2,validation,input already on GPU; excludes construction/checkpoint/data I/O,model,1.0,/tmp/p01-d1-20260919-1irHPs/artifacts/d1_pu_20260919/frozen/bundles/UO_seed_456.pt,/tmp/p01-d1-20260919-1irHPs/artifacts/d1_pu_20260919/latency/UO_seed_456/latency.json
UO,456,direct,deployed,measured,6.952468975214288,6.751320252078585,7.247978501254693,0.49665824917610735,10500096,6242,6242,physical GPU0 / cuda:0,NVIDIA GeForce RTX 4090,torch.float32,"[1, 8192, 1]",20,100,2,validation,input already on GPU; excludes construction/checkpoint/data I/O,model,1.0,/tmp/p01-d1-20260919-1irHPs/artifacts/d1_pu_20260919/frozen/bundles/UO_seed_456.pt,/tmp/p01-d1-20260919-1irHPs/artifacts/d1_pu_20260919/latency/UO_seed_456/latency.json
temperature,42,adopted,p0,measured,0.9838154946919531,0.9551682014716789,1.0809382220031694,0.12577002053149045,10452992,5305,5948,physical GPU0 / cuda:0,NVIDIA GeForce RTX 4090,torch.float32,"[1, 8192, 1]",20,100,2,validation,input already on GPU; excludes construction/checkpoint/data I/O,temperature,0.0,/tmp/p01-d1-20260919-1irHPs/artifacts/d1_pu_20260919/frozen/bundles/adopted.pt,/tmp/p01-d1-20260919-1irHPs/artifacts/d1_pu_20260919/latency/adopted/latency.json
temperature,42,adopted,direct_q,measured,0.9827309986576438,0.9542592597426847,1.0860397451324388,0.13178048538975418,10452992,5305,5948,physical GPU0 / cuda:0,NVIDIA GeForce RTX 4090,torch.float32,"[1, 8192, 1]",20,100,2,validation,input already on GPU; excludes construction/checkpoint/data I/O,temperature,0.0,/tmp/p01-d1-20260919-1irHPs/artifacts/d1_pu_20260919/frozen/bundles/adopted.pt,/tmp/p01-d1-20260919-1irHPs/artifacts/d1_pu_20260919/latency/adopted/latency.json
temperature,42,adopted,deployed,measured,1.0066469840239733,0.9462745219934732,1.1105062440037727,0.16423172201029956,10452992,5305,5948,physical GPU0 / cuda:0,NVIDIA GeForce RTX 4090,torch.float32,"[1, 8192, 1]",20,100,2,validation,input already on GPU; excludes construction/checkpoint/data I/O,temperature,0.0,/tmp/p01-d1-20260919-1irHPs/artifacts/d1_pu_20260919/frozen/bundles/adopted.pt,/tmp/p01-d1-20260919-1irHPs/artifacts/d1_pu_20260919/latency/adopted/latency.json
temperature,42,direct,p0,measured,1.184596010716632,1.1629852670012042,1.4698642626171932,0.30687899561598897,10452992,5305,5948,physical GPU0 / cuda:0,NVIDIA GeForce RTX 4090,torch.float32,"[1, 8192, 1]",20,100,2,validation,input already on GPU; excludes construction/checkpoint/data I/O,temperature,1.0,/tmp/p01-d1-20260919-1irHPs/artifacts/d1_pu_20260919/frozen/bundles/temperature_seed42.pt,/tmp/p01-d1-20260919-1irHPs/artifacts/d1_pu_20260919/latency/temperature_seed42/latency.json
temperature,42,direct,direct_q,measured,1.0131509916391224,0.9924710175255314,1.1455157364252955,0.15304471889976412,10452992,5305,5948,physical GPU0 / cuda:0,NVIDIA GeForce RTX 4090,torch.float32,"[1, 8192, 1]",20,100,2,validation,input already on GPU; excludes construction/checkpoint/data I/O,temperature,1.0,/tmp/p01-d1-20260919-1irHPs/artifacts/d1_pu_20260919/frozen/bundles/temperature_seed42.pt,/tmp/p01-d1-20260919-1irHPs/artifacts/d1_pu_20260919/latency/temperature_seed42/latency.json
temperature,42,direct,deployed,measured,1.008803490549326,0.9983955096686259,1.1424637341406196,0.14406822447199374,10452992,5305,5948,physical GPU0 / cuda:0,NVIDIA GeForce RTX 4090,torch.float32,"[1, 8192, 1]",20,100,2,validation,input already on GPU; excludes construction/checkpoint/data I/O,temperature,1.0,/tmp/p01-d1-20260919-1irHPs/artifacts/d1_pu_20260919/frozen/bundles/temperature_seed42.pt,/tmp/p01-d1-20260919-1irHPs/artifacts/d1_pu_20260919/latency/temperature_seed42/latency.json
temperature,42,source_selected,p0,measured,1.494169991929084,1.3775037368759513,1.5482655144296587,0.17076177755370736,10452992,5305,5948,physical GPU0 / cuda:0,NVIDIA GeForce RTX 4090,torch.float32,"[1, 8192, 1]",20,100,2,validation,input already on GPU; excludes construction/checkpoint/data I/O,temperature,1.0,/tmp/p01-d1-20260919-1irHPs/artifacts/d1_pu_20260919/frozen/bundles/temperature_seed42_source_selected.pt,/tmp/p01-d1-20260919-1irHPs/artifacts/d1_pu_20260919/latency/temperature_seed42_source_selected/latency.json
temperature,42,source_selected,direct_q,measured,1.412389538018033,1.3745197211392224,1.427630995749496,0.05311127461027354,10452992,5305,5948,physical GPU0 / cuda:0,NVIDIA GeForce RTX 4090,torch.float32,"[1, 8192, 1]",20,100,2,validation,input already on GPU; excludes construction/checkpoint/data I/O,temperature,1.0,/tmp/p01-d1-20260919-1irHPs/artifacts/d1_pu_20260919/frozen/bundles/temperature_seed42_source_selected.pt,/tmp/p01-d1-20260919-1irHPs/artifacts/d1_pu_20260919/latency/temperature_seed42_source_selected/latency.json
temperature,42,source_selected,deployed,measured,1.0093890014104545,0.9956372377928346,1.1544189910637215,0.15878175327088684,10452992,5305,5948,physical GPU0 / cuda:0,NVIDIA GeForce RTX 4090,torch.float32,"[1, 8192, 1]",20,100,2,validation,input already on GPU; excludes construction/checkpoint/data I/O,temperature,1.0,/tmp/p01-d1-20260919-1irHPs/artifacts/d1_pu_20260919/frozen/bundles/temperature_seed42_source_selected.pt,/tmp/p01-d1-20260919-1irHPs/artifacts/d1_pu_20260919/latency/temperature_seed42_source_selected/latency.json
